organization,practitioner_id,first_name,last_name,date_of_birth,gender,address,phone_number,email,active_status
ORG153,PRAC1233,Anthony,Hall,1972-04-28,Male,ADRS28860,7364013513,davislorraine@example.org,False
ORG101,PRAC1502,Diana,Armstrong,1957-08-29,Male,ADRS27633,6809471291,williethomas@example.com,False
ORG152,PRAC1023,Jasmine,Davis,1948-12-16,Male,ADRS27374,6294583513,cordovapatricia@example.net,True
ORG140,PRAC1425,Dana,Fuller,1951-06-18,Female,ADRS29855,6760732227,stevennguyen@example.org,False
ORG115,PRAC1511,Jennifer,Liu,1970-09-23,Male,ADRS28483,8745262932,ashley32@example.org,False
ORG189,PRAC1595,William,Jacobs,1983-10-13,Female,ADRS26770,6545750481,keithcole@example.org,True
ORG102,PRAC1319,Joshua,Bell,1980-02-08,Female,ADRS29066,8839521210,lisa52@example.com,False
ORG156,PRAC1520,Colleen,Myers,1995-05-07,Female,ADRS26486,6901195876,martinezdavid@example.com,False
ORG135,PRAC1044,Keith,Williams,1987-04-02,Male,ADRS28621,7910358438,andrewbradley@example.com,False
ORG190,PRAC1544,Lucas,Jimenez,1967-07-08,Female,ADRS29514,8248292116,heatherwyatt@example.net,False
ORG129,PRAC1763,Morgan,Simmons,1970-01-03,Female,ADRS28249,6996284948,ryanevans@example.org,True
ORG108,PRAC1998,Adam,Kelly,1943-11-24,Female,ADRS27975,8700397936,shawjeremy@example.net,False
ORG142,PRAC1438,Lori,Garcia,1990-02-02,Female,ADRS26991,7808870333,jessicaarnold@example.net,True
ORG177,PRAC1734,Robert,Johnson,1952-08-01,Male,ADRS26973,8536647616,michael59@example.org,True
ORG164,PRAC1147,Gina,Newman,1972-05-31,Female,ADRS28450,6381266271,acervantes@example.net,True
ORG128,PRAC1716,Emily,Jones,2004-07-26,Female,ADRS29759,8848856685,pgreen@example.org,True
ORG195,PRAC1742,Fred,Carter,1965-10-04,Female,ADRS29525,6205868481,ymiller@example.com,True
ORG166,PRAC1990,Kevin,Blackburn,1983-03-19,Male,ADRS26197,9597836556,michaelelizabeth@example.net,True
ORG167,PRAC1930,Kimberly,Scott,1985-07-09,Male,ADRS29890,8174494063,courtneygraham@example.net,True
ORG155,PRAC1648,Lauren,Myers,1980-08-01,Female,ADRS29416,6206155129,nsuarez@example.net,False
ORG120,PRAC1135,Paul,Hodge,1950-10-16,Male,ADRS29398,6579392835,adrienne78@example.net,True
ORG181,PRAC1143,Joshua,Reeves,1957-08-01,Female,ADRS28859,9353516432,ycraig@example.org,True
ORG150,PRAC1695,William,Johnson,1966-11-08,Female,ADRS27364,9605563057,luis42@example.com,True
ORG144,PRAC1868,David,Estrada,1957-05-01,Female,ADRS26275,7576954158,ellismichael@example.org,False
ORG153,PRAC1506,Christine,Reid,1989-06-26,Male,ADRS29961,7505688327,swallace@example.net,True
ORG141,PRAC1262,Rachel,Nguyen,2001-11-02,Female,ADRS28319,6944038351,christianmoreno@example.net,False
ORG166,PRAC1361,Reginald,West,1961-11-02,Female,ADRS27540,6158057545,olarson@example.org,True
ORG150,PRAC1591,Patricia,Simmons,1985-03-26,Female,ADRS29844,8484576295,cindybrown@example.com,True
ORG103,PRAC1928,Shirley,Mcmillan,2001-12-23,Male,ADRS28141,8324810986,wallacemegan@example.com,False
ORG136,PRAC1302,Christine,Rice,1964-03-18,Female,ADRS26891,8261840292,johnsonjoshua@example.org,True
ORG175,PRAC1895,James,Ferrell,2003-12-26,Female,ADRS29842,9197501089,lopezbrooke@example.net,False
ORG127,PRAC1977,Mary,Avila,1943-07-04,Male,ADRS27185,9672390568,kwilliams@example.com,True
ORG179,PRAC1380,Tara,Boyd,1945-03-23,Female,ADRS29990,7479700645,rpetersen@example.com,True
ORG190,PRAC1802,Denise,Scott,1993-01-27,Male,ADRS29208,7858941879,egraham@example.net,False
ORG105,PRAC1657,Matthew,Young,1954-04-07,Female,ADRS27350,6078240510,patricia02@example.com,False
ORG130,PRAC1331,Raymond,Moses,1991-10-09,Male,ADRS26111,8242477264,qbarnes@example.org,True
ORG113,PRAC1292,Lauren,Campos,1990-07-19,Female,ADRS28635,8035457779,ryan06@example.com,True
ORG186,PRAC1011,Ann,Baker,1979-07-27,Male,ADRS28967,9156133744,cruztimothy@example.org,False
ORG174,PRAC1546,April,Daniels,2003-04-28,Male,ADRS29079,7205650503,wchan@example.com,False
ORG185,PRAC1934,Angela,Martinez,1979-11-04,Female,ADRS28505,9446205340,lisa11@example.net,True
ORG142,PRAC1241,James,Howard,1946-08-10,Male,ADRS28611,7857744834,rmay@example.net,True
ORG161,PRAC1741,Audrey,Hernandez,1972-02-26,Male,ADRS28968,6608248242,johnsonreginald@example.net,False
ORG186,PRAC1091,Makayla,Osborn,1984-04-24,Female,ADRS27260,8309014819,vwilcox@example.org,True
ORG118,PRAC1108,Donald,Mcguire,1974-02-07,Male,ADRS26049,6296028527,thowe@example.org,False
ORG136,PRAC1240,Natalie,Ray,1979-02-25,Female,ADRS26280,7810591334,torreslinda@example.org,False
ORG156,PRAC1933,Elizabeth,Burton,1978-12-22,Male,ADRS28329,6241361007,burtonpaul@example.net,False
ORG141,PRAC1319,Patrick,Tapia,1979-11-13,Female,ADRS27275,8757482992,lisawhite@example.org,True
ORG184,PRAC1495,Jeremy,Brooks,1992-03-26,Female,ADRS26564,9989171915,kurt39@example.com,True
ORG153,PRAC1636,Sean,Johnson,2000-05-03,Female,ADRS26253,9192684798,ericparsons@example.net,False
ORG101,PRAC1744,Dennis,Wright,1962-11-27,Male,ADRS28905,9910258998,emoore@example.net,True
ORG123,PRAC1665,Carla,Burton,1964-07-26,Male,ADRS27229,9698360127,jacobsjennifer@example.net,True
ORG101,PRAC1888,Marie,Welch,1984-10-15,Male,ADRS26032,8867294879,townsenddouglas@example.org,True
ORG118,PRAC1011,Julia,Schroeder,2002-12-21,Male,ADRS29924,8303792088,karen77@example.com,True
ORG131,PRAC1926,Tammy,Jackson,1996-05-15,Female,ADRS28620,7163167173,vicki58@example.com,False
ORG159,PRAC1403,Amanda,Taylor,1977-12-29,Male,ADRS29439,6088139218,baileyhaley@example.org,False
ORG132,PRAC1824,Craig,Howard,1996-04-09,Male,ADRS27505,8845588191,dtorres@example.org,True
ORG187,PRAC1229,Sarah,Webb,1989-03-25,Male,ADRS28477,9731307378,robinmann@example.net,True
ORG108,PRAC1826,Stephanie,Baker,1999-05-21,Male,ADRS27622,9217154570,williamalvarez@example.net,False
ORG120,PRAC1190,Karen,King,2000-09-17,Female,ADRS27693,7113899463,martinjustin@example.com,True
ORG152,PRAC1663,Amanda,Cobb,1965-12-20,Male,ADRS26635,8811746100,jacksonandrew@example.org,False
ORG106,PRAC1406,James,Robinson,1975-05-05,Male,ADRS27570,6405835501,edward37@example.org,True
ORG113,PRAC1983,Jennifer,Jensen,1963-09-10,Male,ADRS28054,8370508153,williamsrobert@example.com,True
ORG174,PRAC1170,Laurie,Gallagher,1994-03-29,Female,ADRS26985,6008775057,gwilliams@example.com,True
ORG164,PRAC1258,Jennifer,Wood,1995-01-20,Female,ADRS29222,7007872246,hfoster@example.net,True
ORG142,PRAC1933,Joann,Brewer,1952-07-26,Female,ADRS27672,9657011505,mckinneyshannon@example.net,False
ORG194,PRAC1708,Andrew,Ramos,1986-07-24,Male,ADRS27333,7646224708,krodriguez@example.org,False
ORG188,PRAC1553,Tanya,Graham,1961-04-26,Female,ADRS29639,9465248045,rebeccabrown@example.org,False
ORG190,PRAC1675,Gene,Anderson,1953-07-19,Male,ADRS29411,7996397428,howardmichael@example.net,False
ORG149,PRAC1521,Hunter,Valentine,1972-03-20,Female,ADRS29186,6723616070,vincent75@example.net,True
ORG105,PRAC1146,Travis,Nguyen,1966-12-25,Male,ADRS28223,7459514196,robin46@example.com,False
ORG158,PRAC1868,James,Daniel,1951-02-22,Male,ADRS28166,8357503492,alee@example.com,False
ORG194,PRAC1667,Elizabeth,Hamilton,1991-11-03,Male,ADRS26951,7348870104,robin92@example.com,True
ORG150,PRAC1579,Samantha,Leach,1956-10-15,Male,ADRS27366,6011810725,nicoleharmon@example.com,True
ORG178,PRAC1959,Christina,Hunter,1963-10-12,Male,ADRS29878,7161814718,rachelbell@example.org,False
ORG113,PRAC1201,Dawn,Gonzalez,1950-07-06,Female,ADRS27457,8894115426,vaughnthomas@example.org,False
ORG100,PRAC1880,Chad,Lyons,1981-11-14,Female,ADRS27261,7432989860,brian14@example.com,False
ORG125,PRAC1192,Kevin,Barrett,1977-12-01,Male,ADRS26554,7991896745,diane20@example.org,True
ORG109,PRAC1379,Jeremiah,Wallace,1993-12-04,Male,ADRS28343,7972481423,owilson@example.net,True
ORG141,PRAC1487,Michael,Cardenas,1981-10-12,Male,ADRS29124,8644895185,ucampbell@example.org,False
ORG119,PRAC1513,Patrick,Hicks,1947-12-10,Female,ADRS27968,6128456529,bgalvan@example.net,False
ORG119,PRAC1483,Julia,Gomez,1976-01-18,Female,ADRS29862,7103030334,tjames@example.org,False
ORG169,PRAC1698,Michael,Kirk,1989-05-25,Male,ADRS26538,7152495053,tiffany48@example.net,False
ORG195,PRAC1486,Susan,Hoffman,1968-05-31,Female,ADRS28878,7621499534,marquezelizabeth@example.net,True
ORG167,PRAC1176,David,Bryant,1996-01-13,Male,ADRS26781,6376897678,jesserose@example.net,True
ORG129,PRAC1175,Kim,Williams,1951-06-16,Female,ADRS28799,8571878065,timothy50@example.net,False
ORG136,PRAC1470,Michael,Bailey,1951-11-04,Male,ADRS27845,8176592099,kevin35@example.net,False
ORG145,PRAC1307,Caitlyn,Garcia,2001-02-26,Male,ADRS27735,9679140767,danachapman@example.com,False
ORG108,PRAC1687,Nicole,Carter,1995-06-24,Female,ADRS26452,8087531079,danielle40@example.net,False
ORG100,PRAC1384,Jennifer,Nelson,1950-03-06,Male,ADRS28619,8463607377,spencercody@example.net,False
ORG178,PRAC1349,Jessica,Jacobs,1975-01-02,Female,ADRS28512,8193730823,jameshamilton@example.org,False
ORG156,PRAC1493,Danielle,Phelps,1954-02-26,Male,ADRS28870,6314131359,timothy79@example.com,True
ORG116,PRAC1400,Amanda,Riley,1958-05-02,Male,ADRS28984,8212521478,shill@example.com,True
ORG117,PRAC1557,Joseph,Joseph,1975-05-21,Female,ADRS27292,9052169614,krystalclements@example.net,True
ORG171,PRAC1796,Christopher,Grant,1962-06-17,Male,ADRS29005,9371076447,nguyenandrew@example.org,True
ORG132,PRAC1691,Luis,Myers,1972-02-09,Male,ADRS28290,9327920072,coxheather@example.net,False
ORG148,PRAC1469,William,Holder,1983-10-15,Female,ADRS27167,9913085985,hebertbrandi@example.net,False
ORG173,PRAC1451,Adrienne,Barajas,1951-01-13,Female,ADRS29059,6499277178,manuelrodriguez@example.net,False
ORG107,PRAC1774,Michael,Barrett,1978-02-12,Male,ADRS29354,9115713430,gwells@example.net,False
ORG191,PRAC1058,Stephanie,Swanson,1943-04-21,Female,ADRS26134,8183032150,hernandezlisa@example.net,True
ORG130,PRAC1287,Monica,Fox,1951-03-18,Female,ADRS27740,8639609297,ashleysparks@example.com,False
ORG126,PRAC1278,Robert,Wood,1987-03-18,Male,ADRS27327,9015876296,paulharris@example.org,True
ORG169,PRAC1410,Monica,Arnold,1970-09-20,Female,ADRS26414,6116041986,williamspamela@example.com,True
ORG159,PRAC1435,Thomas,Johnson,1977-10-23,Male,ADRS28037,6177938798,bianca25@example.net,True
ORG105,PRAC1127,Amy,Fox,1987-04-10,Male,ADRS28975,8118439517,agonzalez@example.org,False
ORG161,PRAC1472,Alan,Sutton,1990-05-26,Female,ADRS29778,9523716047,ericabrown@example.com,False
ORG195,PRAC1061,Nicholas,Arias,1958-09-06,Female,ADRS28964,6024595436,fnelson@example.com,False
ORG144,PRAC1230,Shawn,Hampton,1960-09-03,Male,ADRS29706,8458076521,jessica27@example.org,False
ORG199,PRAC1974,Ashley,Ellis,1975-03-20,Male,ADRS27993,7837067570,ygarcia@example.net,False
ORG163,PRAC1621,Michelle,Smith,1987-03-12,Male,ADRS28535,9835735352,davisdaniel@example.org,False
ORG115,PRAC1803,Brianna,Raymond,1965-01-28,Female,ADRS29761,8844902650,uwebb@example.com,False
ORG151,PRAC1744,Lisa,Washington,1980-11-30,Female,ADRS27895,7733067477,clinton25@example.org,False
ORG105,PRAC1211,Sharon,Johnson,1947-12-12,Female,ADRS27884,6906487548,vargasmelissa@example.com,True
ORG161,PRAC1691,Richard,Williams,1967-03-16,Male,ADRS27157,8684205862,htaylor@example.com,True
ORG146,PRAC1058,Kim,Hill,1982-04-07,Female,ADRS26050,6802099002,edwardmatthews@example.org,True
ORG115,PRAC1907,David,Hernandez,1945-02-25,Male,ADRS28140,9062291155,bushteresa@example.org,True
ORG182,PRAC1411,Gina,Gonzalez,2005-10-12,Female,ADRS28940,6342330131,mbullock@example.com,True
ORG146,PRAC1511,Sandra,Martin,1957-07-15,Female,ADRS27064,6983438324,chasetiffany@example.org,False
ORG188,PRAC1554,Amy,Simmons,1976-05-27,Male,ADRS28748,7716849977,slyons@example.net,False
ORG143,PRAC1547,Adriana,Guzman,1953-09-19,Male,ADRS26242,8110464904,xkeith@example.org,False
ORG177,PRAC1783,Gloria,Ellis,1969-07-28,Female,ADRS26146,6800151395,ramosheidi@example.com,False
ORG145,PRAC1652,Steven,Carlson,1989-04-21,Female,ADRS27769,7676948524,kimberlyyoung@example.net,False
ORG137,PRAC1564,James,Walton,1965-01-05,Male,ADRS26333,6075046004,zanderson@example.org,True
ORG163,PRAC1928,Toni,Joseph,1973-04-03,Female,ADRS27737,9052199329,gjohnson@example.net,False
ORG114,PRAC1616,Jennifer,Santana,1950-05-18,Female,ADRS29809,6984946123,marie36@example.net,False
ORG158,PRAC1698,Zachary,Perkins,2005-01-11,Male,ADRS29687,9418782667,lanerichard@example.org,True
ORG129,PRAC1019,Teresa,Joseph,1960-01-08,Female,ADRS26831,8957890072,kevinjackson@example.net,False
ORG122,PRAC1163,Joseph,Powers,1986-05-20,Male,ADRS28137,8179670663,rhonda04@example.org,True
ORG164,PRAC1968,Linda,Brady,2000-11-24,Female,ADRS27812,6645113022,jamesallen@example.com,True
ORG131,PRAC1310,Timothy,Smith,1999-07-16,Female,ADRS26353,9710992036,andersonamanda@example.net,False
ORG152,PRAC1234,Tammy,Garcia,1996-04-21,Male,ADRS29382,6976554655,sarah58@example.com,True
ORG180,PRAC1920,Richard,Smith,1973-11-22,Male,ADRS29619,9528073353,paulhicks@example.net,True
ORG113,PRAC1461,Sarah,Burnett,1975-06-08,Male,ADRS26487,6356880677,jill75@example.net,False
ORG124,PRAC1956,Kelly,Williams,2000-03-05,Female,ADRS28100,7976072800,christopherbrown@example.net,False
ORG195,PRAC1085,Tara,Ramos,1983-11-09,Female,ADRS29490,6120242135,garzabenjamin@example.org,False
ORG102,PRAC1033,Carolyn,Smith,1945-12-04,Male,ADRS26016,9458327946,njames@example.com,False
ORG151,PRAC1916,Rebecca,Hall,1964-10-11,Female,ADRS27648,6533129595,gdrake@example.net,False
ORG156,PRAC1310,Mark,Nichols,1975-11-11,Male,ADRS29567,9208407103,cooperamy@example.org,True
ORG186,PRAC1214,Laura,Brown,1970-07-09,Male,ADRS26412,7043565672,qgoodman@example.org,True
ORG105,PRAC1361,Jason,Brown,1955-11-11,Female,ADRS28223,9405598564,estradacory@example.com,False
ORG144,PRAC1532,Crystal,Wilson,1961-01-15,Female,ADRS28339,8009697918,markgarcia@example.org,False
ORG183,PRAC1029,Christine,Baker,1953-11-17,Female,ADRS29515,9520541102,jasonrobinson@example.net,True
ORG103,PRAC1861,Johnny,Green,1966-02-02,Female,ADRS27277,8053915098,martinbradley@example.net,False
ORG194,PRAC1538,Robert,Turner,1987-10-14,Male,ADRS29165,9661644613,karen64@example.org,False
ORG176,PRAC1430,Jean,Campbell,1992-04-24,Male,ADRS28980,7152667870,fkeith@example.net,True
ORG146,PRAC1898,Karen,Bates,1997-10-08,Female,ADRS26068,9012611559,georgeanderson@example.net,False
ORG128,PRAC1389,Jennifer,Clark,1980-03-09,Male,ADRS29919,6793996137,michellebooth@example.com,True
ORG143,PRAC1617,Debra,Butler,1966-07-11,Female,ADRS29272,7455772382,kfoley@example.com,False
ORG196,PRAC1605,Kathleen,Kelley,1982-05-10,Female,ADRS29546,8721207113,qnavarro@example.com,False
ORG175,PRAC1977,William,Olsen,1981-08-19,Female,ADRS27765,9977915173,nathansmith@example.com,True
ORG140,PRAC1616,Grant,Graham,1952-03-22,Male,ADRS29812,7225893863,cookbobby@example.com,True
ORG101,PRAC1157,Tim,Rowe,1943-07-09,Male,ADRS27187,6009331148,ihicks@example.com,True
ORG140,PRAC1790,William,Smith,1974-04-27,Female,ADRS26678,6729693905,william66@example.org,True
ORG155,PRAC1920,Jenna,Hawkins,1979-03-26,Female,ADRS27885,8211404596,goodwinmegan@example.org,False
ORG162,PRAC1118,Christopher,Gray,1950-03-29,Female,ADRS26249,6843788116,nmiller@example.com,True
ORG116,PRAC1212,Linda,Shaffer,2004-04-01,Male,ADRS28980,6593582044,kristinconway@example.com,False
ORG145,PRAC1942,Edward,Fisher,1984-12-07,Male,ADRS26562,9482418673,alexandria70@example.net,False
ORG159,PRAC1449,Elizabeth,Donovan,1958-09-27,Male,ADRS29110,9987449254,crystal52@example.net,False
ORG119,PRAC1281,Jared,Yates,1954-01-06,Female,ADRS27181,6884172008,roseryan@example.net,True
ORG166,PRAC1376,Carlos,Jackson,2003-11-03,Male,ADRS27814,6667275842,douglaswillis@example.net,False
ORG102,PRAC1112,Patricia,Adams,1943-08-25,Female,ADRS28376,8475491566,john43@example.com,True
ORG106,PRAC1837,Tonya,Jones,1946-01-25,Male,ADRS29014,6969340350,wattsandrew@example.net,False
ORG151,PRAC1106,Molly,Torres,1943-01-26,Male,ADRS29880,8793967977,leemelanie@example.org,False
ORG177,PRAC1264,Nicholas,Hall,1976-10-30,Male,ADRS26826,6766729241,karen88@example.org,False
ORG189,PRAC1293,Dawn,Gould,1981-11-29,Male,ADRS26010,7438129347,rwhite@example.com,False
ORG171,PRAC1673,Melissa,Kelly,1970-10-04,Male,ADRS27985,9246927515,kathrynpatrick@example.net,False
ORG116,PRAC1377,Donald,Lang,1950-10-29,Male,ADRS29037,8194818934,badams@example.net,True
ORG139,PRAC1524,Paula,Kirby,1966-11-18,Male,ADRS28921,7780939401,gordonkurt@example.net,True
ORG106,PRAC1095,Marcus,Scott,1973-12-03,Female,ADRS27042,7125993995,natashapeters@example.org,False
ORG177,PRAC1331,Gabriel,Farrell,1950-05-21,Female,ADRS28800,7122764085,ritafox@example.com,False
ORG115,PRAC1181,Bryan,Adams,1966-09-14,Male,ADRS26953,6100254885,mccoyamy@example.org,False
ORG112,PRAC1486,Sabrina,Yang,1953-06-05,Male,ADRS29265,6468453330,ldaniels@example.org,True
ORG106,PRAC1925,Darin,Hancock,1964-09-30,Female,ADRS28372,7989104659,kmyers@example.net,True
ORG181,PRAC1314,Desiree,Perkins,1990-06-24,Female,ADRS26068,6032235764,davidharris@example.org,False
ORG155,PRAC1481,Penny,Harrison,1989-03-07,Male,ADRS27779,6392683090,joseph95@example.org,True
ORG180,PRAC1276,Gabriel,Kline,1950-12-23,Female,ADRS26474,8613464444,gary17@example.org,False
ORG118,PRAC1380,Beth,Hudson,1955-08-25,Male,ADRS28540,8344589991,kimmichael@example.org,True
ORG181,PRAC1368,Carrie,Luna,1949-01-21,Male,ADRS28824,6048938350,swilson@example.org,True
ORG159,PRAC1962,Amber,Trujillo,1952-05-17,Female,ADRS26300,9946062774,pwarren@example.net,False
ORG196,PRAC1734,Derrick,Summers,1958-10-08,Female,ADRS26051,7678700508,melissa50@example.org,True
ORG162,PRAC1145,Megan,Silva,1974-04-17,Male,ADRS27682,7960837086,brownarthur@example.net,True
ORG157,PRAC1394,John,Perry,1999-01-17,Female,ADRS26791,7358716593,ricardo96@example.com,True
ORG155,PRAC1566,Alejandro,Rice,1990-04-16,Male,ADRS26249,6230107326,mark39@example.org,False
ORG139,PRAC1239,Melissa,Vega,1959-03-07,Male,ADRS27055,6924400530,ashley72@example.com,True
ORG143,PRAC1011,Robert,Tran,1972-05-15,Male,ADRS28907,7506532446,meredithgilmore@example.com,True
ORG149,PRAC1767,Marcus,Edwards,1988-04-02,Male,ADRS28329,8889060846,ahoffman@example.org,False
ORG180,PRAC1993,Jared,White,1996-11-05,Female,ADRS27206,7901868598,andersonkatherine@example.org,True
ORG122,PRAC1549,Jeffrey,Davies,1948-01-31,Female,ADRS29303,8703549246,eric22@example.net,True
ORG108,PRAC1131,Elizabeth,Johnson,1974-11-26,Male,ADRS29799,8391608073,zwalker@example.net,False
ORG152,PRAC1376,Daniel,Smith,1977-11-02,Male,ADRS26458,7214194537,emaynard@example.org,False
ORG127,PRAC1607,Daniel,Bean,1993-10-15,Male,ADRS28615,6667334110,pittmanalexandra@example.net,False
ORG177,PRAC1660,James,Mosley,1944-10-06,Female,ADRS28724,7002030471,brittany26@example.net,False
ORG177,PRAC1367,Kelly,Ray,1997-10-19,Male,ADRS27990,7072807617,obrienlucas@example.org,False
ORG174,PRAC1840,Nicole,Erickson,1981-10-15,Female,ADRS26240,7679794610,sharon95@example.com,True
ORG118,PRAC1845,Michelle,Jordan,1965-03-09,Male,ADRS28364,8651023134,qflores@example.com,True
ORG141,PRAC1818,Marie,White,1946-12-15,Male,ADRS28403,9825868614,howardjessica@example.com,False
ORG183,PRAC1921,Lauren,Williams,1960-03-22,Male,ADRS26741,7299729838,yvonnekirby@example.org,False
ORG178,PRAC1328,Diana,Garza,2004-11-03,Male,ADRS26660,7508117354,swansoncarrie@example.com,True
ORG116,PRAC1696,Kelly,Moore,1994-09-28,Female,ADRS27721,6376246564,ncarroll@example.com,True
ORG105,PRAC1455,David,Hernandez,1963-04-02,Male,ADRS27612,8051860764,jessica72@example.net,True
ORG100,PRAC1531,Stephanie,Barnes,1946-08-22,Male,ADRS28554,7772526146,krivers@example.net,True
ORG128,PRAC1313,Melinda,Hughes,1990-05-04,Female,ADRS27949,6063064910,crystal44@example.net,True
ORG199,PRAC1945,Douglas,Melendez,1988-10-30,Female,ADRS27362,7323882833,robinfields@example.net,False
ORG141,PRAC1096,Sara,Sanders,1976-02-05,Female,ADRS26577,6655776888,lawrence87@example.org,False
ORG194,PRAC1002,Lee,Moore,1991-11-06,Female,ADRS28397,9547934436,johnsonangela@example.net,False
ORG121,PRAC1772,Dan,Lopez,1979-01-08,Female,ADRS29873,7827083728,daniel23@example.com,False
ORG118,PRAC1076,Mary,Nichols,1980-11-14,Female,ADRS26423,9681415535,ybecker@example.org,True
ORG174,PRAC1931,Rebecca,Wang,1950-02-08,Male,ADRS29128,8518419148,kaylahernandez@example.com,False
ORG182,PRAC1945,Cassidy,Brown,1985-08-08,Male,ADRS27564,6487686637,stevenhobbs@example.com,True
ORG115,PRAC1552,Christine,Curtis,1955-04-09,Male,ADRS27553,6906611871,blakewesley@example.net,False
ORG169,PRAC1142,Michael,Perez,1948-05-09,Male,ADRS29475,9076005029,milleranthony@example.org,False
ORG124,PRAC1633,Gloria,Clark,1947-05-11,Male,ADRS26301,9071183286,cbryant@example.net,True
ORG102,PRAC1572,Jessica,Ponce,1958-10-17,Male,ADRS28384,8736000705,ryan51@example.org,True
ORG121,PRAC1641,Emma,Williams,1945-05-12,Male,ADRS28859,9525707688,katherine77@example.com,False
ORG194,PRAC1192,Ronald,Bowman,1945-08-15,Male,ADRS27948,8643484645,qjohnson@example.com,False
ORG178,PRAC1071,Christina,Ritter,1984-06-24,Male,ADRS26772,7665023725,vbass@example.org,True
ORG107,PRAC1006,Jennifer,Everett,1982-11-12,Female,ADRS28305,9229273999,skeller@example.org,True
ORG106,PRAC1803,Michael,Smith,1958-01-03,Female,ADRS27429,8295979419,beanlaurie@example.org,False
ORG122,PRAC1248,Gregory,Alvarado,1944-07-13,Female,ADRS27380,8941416633,franciscowilliams@example.com,True
ORG192,PRAC1241,Robert,Bowman,2003-01-13,Female,ADRS26820,9724954141,amykey@example.org,True
ORG177,PRAC1380,Melanie,Hubbard,1965-08-03,Male,ADRS26233,6199822150,tanner46@example.net,True
ORG117,PRAC1095,Alexander,Sellers,1962-09-05,Male,ADRS29790,8543966808,carterleonard@example.org,False
ORG189,PRAC1569,Eric,Hernandez,1995-01-26,Female,ADRS29675,8532920021,gloriahernandez@example.org,True
ORG103,PRAC1095,Denise,Ward,1964-04-13,Female,ADRS26037,6790630821,william21@example.com,False
ORG113,PRAC1084,Melinda,Mathews,1951-07-29,Male,ADRS28554,6907119974,bethany89@example.com,True
ORG199,PRAC1165,Julie,Wilson,2004-02-03,Female,ADRS26694,8690754936,shawnbeck@example.net,True
ORG101,PRAC1527,Danielle,Wagner,1988-06-11,Female,ADRS27099,8635167522,dcampbell@example.com,True
ORG148,PRAC1839,Kenneth,Hamilton,1961-07-12,Male,ADRS26339,9138816027,harryfriedman@example.org,False
ORG125,PRAC1978,James,Hoffman,1995-12-30,Female,ADRS27764,9175299559,hannah38@example.org,True
ORG183,PRAC1488,Paul,Waters,1997-10-23,Male,ADRS26033,6133104432,marvinmullins@example.org,True
ORG144,PRAC1973,Kristen,Murray,1971-05-14,Female,ADRS29876,6347554035,briggs@example.com,True
ORG112,PRAC1238,Maria,York,1985-01-03,Male,ADRS27220,7836426786,bryantallison@example.com,False
ORG126,PRAC1131,Nicole,Dorsey,1956-04-30,Female,ADRS29073,7629163384,bhoffman@example.org,True
ORG111,PRAC1468,Michael,Patrick,1973-11-25,Male,ADRS29826,9671764557,bstewart@example.com,False
ORG160,PRAC1530,Bryan,Chan,1957-03-08,Male,ADRS26422,8088642773,alyssacurtis@example.net,True
ORG119,PRAC1959,David,Hill,2004-12-30,Male,ADRS26136,7860837774,trussell@example.net,False
ORG119,PRAC1716,Adam,Lane,1998-02-23,Male,ADRS29556,8979691334,theresa53@example.com,True
ORG160,PRAC1862,Jason,Knight,1947-10-16,Female,ADRS28275,9508635517,taylorkenneth@example.org,True
ORG169,PRAC1757,Shane,Wilson,1996-07-25,Female,ADRS29699,7896049818,fmann@example.com,True
ORG186,PRAC1339,Brandon,Huffman,2005-05-14,Male,ADRS29315,6796021780,johnathanjoyce@example.com,False
ORG193,PRAC1197,Ann,Lopez,2005-11-17,Female,ADRS28317,8887682416,jose05@example.net,True
ORG143,PRAC1554,Kevin,Evans,1950-08-18,Male,ADRS29538,9898860158,michaelguzman@example.com,False
ORG105,PRAC1155,Cynthia,Deleon,1973-06-07,Male,ADRS29668,8035585504,matthewwilliams@example.com,False
ORG170,PRAC1621,Michael,Donovan,1998-03-03,Male,ADRS26490,7042129576,shaun61@example.org,True
ORG125,PRAC1106,David,Burton,1992-08-20,Male,ADRS28441,7167596862,thomas60@example.net,False
ORG146,PRAC1553,Kara,Christensen,1991-01-29,Female,ADRS26634,9081755952,pcollins@example.com,False
ORG100,PRAC1987,Ariana,Park,2000-12-06,Male,ADRS27413,9406341295,rdennis@example.com,True
ORG142,PRAC1519,James,Miller,2005-08-13,Male,ADRS28237,6248369619,mwatkins@example.net,True
ORG126,PRAC1750,Ricky,Brooks,1994-11-04,Male,ADRS28340,6788345201,henry03@example.net,True
ORG117,PRAC1699,Ray,Nicholson,1970-09-22,Female,ADRS26006,8174929021,jamesobrien@example.org,True
ORG168,PRAC1335,Joshua,Zamora,1954-01-29,Female,ADRS28163,8699005271,xparrish@example.com,False
ORG165,PRAC1268,Paul,Haynes,1988-10-17,Male,ADRS28135,7476290477,proberts@example.net,False
ORG109,PRAC1342,Maria,Hill,1980-12-26,Female,ADRS26038,6565250088,joshua31@example.com,True
ORG143,PRAC1778,Tracy,Harding,1955-04-06,Female,ADRS27677,7495043175,andrew17@example.org,True
ORG191,PRAC1742,James,Lee,1973-09-28,Male,ADRS28493,6835811402,mjohnson@example.org,True
ORG125,PRAC1804,Robin,Grant,1950-04-09,Female,ADRS28523,9880250336,munozbarbara@example.net,False
ORG124,PRAC1644,Jesus,Aguilar,1957-06-29,Male,ADRS29732,9753765896,craigdeleon@example.com,False
ORG168,PRAC1589,Kelsey,Snyder,1977-11-22,Male,ADRS29872,7420409570,zavila@example.net,False
ORG110,PRAC1051,Jeffrey,Stephens,1970-09-28,Female,ADRS29571,6223848597,cindy87@example.net,False
ORG153,PRAC1364,Drew,Shaffer,1999-02-16,Male,ADRS29361,8924971747,jill73@example.net,True
ORG110,PRAC1213,Manuel,Williams,2002-02-16,Female,ADRS29523,6943980205,jeremy97@example.com,True
ORG103,PRAC1093,Dustin,Sutton,2000-10-01,Female,ADRS27767,6301462326,cochrancraig@example.net,True
ORG109,PRAC1015,Mark,Brown,1969-05-01,Female,ADRS27209,9478064516,danielwest@example.org,True
ORG160,PRAC1856,Nicole,Owens,1979-12-17,Female,ADRS26249,9070022298,daniel69@example.com,True
ORG133,PRAC1717,Derrick,Gonzalez,1988-07-31,Female,ADRS29281,6180009864,joelthompson@example.com,True
ORG157,PRAC1673,Justin,Martin,1957-11-11,Male,ADRS27079,9965446742,robertsolis@example.org,True
ORG106,PRAC1333,Christopher,Mendoza,1963-12-17,Female,ADRS26086,6745301686,savagemargaret@example.com,True
ORG145,PRAC1894,Tammy,Mitchell,1996-12-31,Female,ADRS27797,6167829095,juan95@example.org,False
ORG111,PRAC1143,Kevin,Martinez,2004-06-07,Male,ADRS29826,7182132972,scott08@example.org,True
ORG178,PRAC1446,Michael,Young,2000-04-05,Male,ADRS28173,8483314908,markscott@example.net,False
ORG178,PRAC1083,Mallory,Lawrence,2005-10-16,Male,ADRS29845,8027437822,charlesbarker@example.org,False
ORG112,PRAC1030,Paul,Brown,1964-08-16,Male,ADRS28491,8048170123,kmays@example.org,False
ORG159,PRAC1910,Tyler,Marshall,1976-06-29,Male,ADRS26567,9470261958,lambertrick@example.net,False
ORG119,PRAC1061,Regina,Mcintosh,1958-11-28,Female,ADRS26452,7238779911,kevinsmith@example.com,True
ORG189,PRAC1835,Daniel,Horton,1947-02-16,Male,ADRS28227,9428045648,hschultz@example.com,False
ORG112,PRAC1438,Colleen,Ramos,2003-07-10,Female,ADRS29233,6125520754,barbertammy@example.com,True
ORG166,PRAC1938,Kenneth,Schneider,1944-09-02,Male,ADRS29427,6451921399,mweeks@example.com,True
ORG140,PRAC1984,Jonathan,Smith,1953-03-28,Male,ADRS26320,6971397842,george29@example.com,True
ORG124,PRAC1293,Melissa,Carr,1995-08-16,Female,ADRS26362,8298011443,paynejames@example.org,False
ORG106,PRAC1846,Jenny,Martin,1968-10-07,Male,ADRS25999,8589623180,andrew48@example.net,True
ORG141,PRAC1847,Rachel,Dominguez,1969-04-02,Male,ADRS26398,9012535999,martinezdiane@example.org,True
ORG190,PRAC1748,James,Brown,1967-10-12,Female,ADRS27584,6765662221,gcox@example.net,True
ORG111,PRAC1582,Amy,Peck,1968-01-15,Male,ADRS26418,6591417832,xhutchinson@example.net,True
ORG113,PRAC1649,Rebecca,Miller,1953-11-08,Female,ADRS28940,6228841175,antoniososa@example.net,True
ORG112,PRAC1468,Dennis,Chang,1975-01-01,Female,ADRS29849,8786878048,david09@example.com,True
ORG105,PRAC1458,George,Chavez,2001-07-20,Male,ADRS28753,9660907686,mathewslawrence@example.net,False
ORG197,PRAC1161,Natalie,Johnson,1951-03-13,Male,ADRS28858,6709043974,patrickhuynh@example.com,True
ORG124,PRAC1393,Kelsey,Cardenas,1995-02-14,Male,ADRS27863,7110726310,brian92@example.net,True
ORG185,PRAC1679,Jessica,English,1977-08-24,Female,ADRS28093,9282065248,cindy66@example.net,False
ORG104,PRAC1036,Eric,Pitts,1986-07-14,Female,ADRS26528,7454161612,lynnmckee@example.com,True
ORG189,PRAC1859,Victoria,Williams,1955-11-09,Male,ADRS29094,9525404352,bfriedman@example.com,False
ORG196,PRAC1416,Karen,Davis,1961-03-21,Female,ADRS27019,6132251884,natalie72@example.com,True
ORG181,PRAC1408,Jose,Wiggins,2001-05-31,Male,ADRS27745,8207979830,maria37@example.org,True
ORG112,PRAC1827,Chase,Castro,2003-10-21,Female,ADRS26127,7753256777,christopher56@example.org,True
ORG107,PRAC1345,Erika,Harvey,1960-08-25,Male,ADRS29977,8062047048,robertprice@example.net,False
ORG154,PRAC1371,Eric,Hardy,1945-07-03,Male,ADRS29611,6788607243,perrybryan@example.net,True
ORG124,PRAC1300,Daniel,Estrada,1964-01-05,Male,ADRS29093,7650315601,julieballard@example.org,False
ORG142,PRAC1906,Jason,Johnson,1946-01-27,Male,ADRS26504,7641448322,ralph14@example.com,True
ORG142,PRAC1178,Adam,Davis,1952-03-12,Female,ADRS26646,6501606583,laura90@example.com,True
ORG168,PRAC1952,Amber,Price,1989-06-16,Female,ADRS29980,6523048088,angela26@example.org,False
ORG197,PRAC1894,Barbara,Wilson,1987-03-23,Female,ADRS26743,8418493884,jonesheidi@example.com,False
ORG110,PRAC1204,Jeffrey,Moreno,2000-01-31,Male,ADRS26355,8823828589,jlee@example.net,True
ORG147,PRAC1452,Kim,Reeves,1963-11-26,Female,ADRS27700,8788087898,brianlawson@example.com,True
ORG113,PRAC1944,Carrie,Freeman,1963-06-14,Female,ADRS29281,9496988976,kirbystephanie@example.org,False
ORG135,PRAC1984,Abigail,Schmidt,1973-04-01,Female,ADRS28664,8390029185,rachel03@example.net,True
ORG145,PRAC1007,Justin,Khan,2002-03-29,Female,ADRS28162,6474128857,sydneyfarley@example.org,False
ORG150,PRAC1827,Carl,Anderson,1980-02-22,Female,ADRS26543,8390140374,johnathanlindsey@example.com,False
ORG198,PRAC1633,Joshua,Smith,1957-11-27,Male,ADRS27973,9440355515,andersonbrett@example.net,False
ORG163,PRAC1922,Paula,Swanson,1991-01-08,Female,ADRS27809,7638581116,john91@example.net,True
ORG191,PRAC1110,Brittany,Petersen,1955-02-11,Male,ADRS28469,8124887152,calvinpena@example.org,False
ORG193,PRAC1536,Joseph,Drake,1977-06-19,Female,ADRS26660,7383435087,allisondickerson@example.org,False
ORG152,PRAC1392,Angela,Herrera,2001-05-14,Male,ADRS28128,6544475762,kimberly84@example.net,True
ORG104,PRAC1046,Robert,Perkins,1943-06-01,Female,ADRS26127,7162650716,jason31@example.org,False
ORG170,PRAC1309,Joseph,Johnson,1949-02-05,Male,ADRS29962,6117433617,charles40@example.com,False
ORG146,PRAC1137,Kevin,Adams,1995-03-28,Female,ADRS27186,8643229019,paul11@example.com,True
ORG110,PRAC1832,Kathleen,Olsen,1956-01-30,Male,ADRS28757,6718613817,reginald44@example.com,True
ORG184,PRAC1056,Yolanda,Vasquez,1952-12-15,Male,ADRS26693,8316245425,bchavez@example.com,True
ORG157,PRAC1822,Kimberly,Bailey,1949-06-24,Male,ADRS26700,7153504005,millswillie@example.com,True
ORG180,PRAC1386,Christina,Perkins,1957-06-05,Female,ADRS29958,6231660670,courtneyclark@example.org,True
ORG112,PRAC1511,Nicholas,Ramirez,1975-11-23,Male,ADRS28221,6784238919,kelly77@example.net,False
ORG192,PRAC1780,Stanley,Thomas,1992-08-24,Male,ADRS29916,9142262558,bethany18@example.org,True
ORG147,PRAC1980,Angel,Duran,1978-08-02,Male,ADRS26316,9525859596,diazdana@example.com,False
ORG155,PRAC1235,Kevin,Odonnell,1948-02-15,Male,ADRS29080,7128136350,cbrown@example.org,True
ORG161,PRAC1749,Rick,Cruz,1963-03-11,Male,ADRS28528,8657162141,wmoore@example.org,False
ORG148,PRAC1412,James,Holder,1968-08-26,Male,ADRS29461,8575961770,wilsonamanda@example.net,True
ORG121,PRAC1537,Matthew,Garner,1978-08-02,Female,ADRS27917,8960859266,ashleybrandon@example.com,False
ORG168,PRAC1296,Kayla,Cole,1949-04-17,Male,ADRS29356,7017684832,donna79@example.org,True
ORG178,PRAC1005,Kristin,Bruce,1944-01-26,Female,ADRS27314,8438759086,josephbailey@example.com,False
ORG145,PRAC1103,Jerry,Anderson,1948-06-20,Male,ADRS27435,9682494244,barrybenjamin@example.net,True
ORG122,PRAC1428,Ebony,Robles,1978-02-07,Male,ADRS27297,6173902302,bakeroscar@example.org,True
ORG106,PRAC1533,Jose,Sloan,1959-03-25,Male,ADRS26487,7803394702,dleblanc@example.org,False
ORG131,PRAC1770,Ian,Mcgee,1981-01-20,Female,ADRS29525,9384098508,sharris@example.net,True
ORG185,PRAC1657,Peggy,Carter,1989-12-10,Female,ADRS27855,8312858504,welchlisa@example.net,False
ORG150,PRAC1956,Ryan,Warren,1964-06-18,Male,ADRS29812,6851439642,williamsjesse@example.net,True
ORG100,PRAC1537,Molly,Brown,1973-05-30,Female,ADRS29082,8410294209,agordon@example.com,True
ORG150,PRAC1416,Sara,Berry,1981-07-11,Male,ADRS27346,8822910354,andrewyoung@example.net,False
ORG140,PRAC1577,Dean,Walker,1953-08-08,Female,ADRS27109,8801504408,pdiaz@example.com,False
ORG140,PRAC1578,Laura,Bailey,1970-12-20,Male,ADRS26843,6255042730,brettbaker@example.com,False
ORG181,PRAC1685,Richard,Taylor,1968-03-22,Female,ADRS29912,7847068614,tdaniels@example.org,True
ORG194,PRAC1427,Robert,Noble,1972-02-05,Male,ADRS29469,8643647965,markmoore@example.com,True
ORG185,PRAC1546,Brittany,Adams,1973-05-08,Male,ADRS27450,8160839105,bsweeney@example.com,False
ORG111,PRAC1237,James,Kelley,2001-09-22,Female,ADRS27522,6892321458,morgan84@example.com,False
ORG158,PRAC1254,Ashley,Stevens,1987-09-10,Male,ADRS26443,9766242087,fullerjennifer@example.net,True
ORG149,PRAC1471,Ana,Lewis,1975-01-25,Male,ADRS28540,7246523783,tamimaxwell@example.net,False
ORG186,PRAC1678,Michele,Lee,1953-11-23,Female,ADRS28393,9057993889,icarpenter@example.com,True
ORG148,PRAC1543,Kristin,Smith,1991-11-02,Male,ADRS26572,7432133249,adamhoward@example.com,False
ORG125,PRAC1131,Teresa,Lewis,1982-06-16,Female,ADRS29491,7385571742,danielvictoria@example.net,False
ORG151,PRAC1073,Melissa,Williams,1956-02-06,Male,ADRS28312,9372192005,scottsmith@example.net,True
ORG167,PRAC1608,Justin,Miller,1945-07-18,Female,ADRS27313,7914158519,donald42@example.org,True
ORG140,PRAC1933,Angel,Murphy,1982-01-25,Female,ADRS28023,9057114811,lisalarson@example.net,True
ORG151,PRAC1316,Samantha,Hicks,1987-01-09,Female,ADRS28592,8053092263,mikaylajohnson@example.org,False
ORG136,PRAC1199,Diana,Wagner,1953-12-21,Male,ADRS29919,6072476256,james24@example.org,True
ORG164,PRAC1269,Alyssa,Parrish,2001-10-30,Male,ADRS28650,7867701961,robinsonrandy@example.org,False
ORG162,PRAC1563,Autumn,Hardy,1958-02-26,Female,ADRS29923,6967026451,richard53@example.com,True
ORG194,PRAC1724,Leslie,Parker,1969-10-07,Female,ADRS28670,9581029753,joshuacoleman@example.net,True
ORG148,PRAC1173,Michelle,Hernandez,1988-07-05,Female,ADRS26528,6952606632,qspencer@example.net,True
ORG111,PRAC1912,Alexander,Miller,1983-02-26,Male,ADRS29455,7462012706,bjones@example.com,False
ORG197,PRAC1856,Theresa,Payne,1995-08-17,Male,ADRS29089,6212040568,ucarpenter@example.org,True
ORG156,PRAC1989,David,Cordova,1954-06-13,Male,ADRS28289,8513071642,staceygreen@example.org,True
ORG184,PRAC1938,Heather,Murray,1953-03-11,Male,ADRS27607,7568802057,oescobar@example.com,True
ORG177,PRAC1272,Meghan,Sloan,1984-03-21,Female,ADRS27847,6766423525,robinsonedwin@example.org,False
ORG183,PRAC1062,Joseph,Anderson,1995-12-06,Male,ADRS26263,7333113098,rileymatthew@example.com,False
ORG161,PRAC1460,John,Howard,1958-01-09,Female,ADRS26997,8651493167,vwillis@example.net,False
ORG183,PRAC1906,Christopher,Martin,1991-05-24,Male,ADRS28941,6157762386,rodgerssarah@example.com,True
ORG196,PRAC1657,Rachel,Luna,1988-02-07,Male,ADRS26922,7040409419,andersonteresa@example.com,False
ORG149,PRAC1663,Amy,Hatfield,1990-03-28,Male,ADRS27358,8011582278,fdavis@example.net,True
ORG132,PRAC1468,Linda,Jimenez,1947-11-15,Female,ADRS28284,6005862317,jeffrey28@example.net,True
ORG186,PRAC1909,Jennifer,Callahan,1983-05-26,Male,ADRS28706,7606728366,fordphillip@example.com,True
ORG126,PRAC1838,Scott,Gibson,1949-02-23,Female,ADRS29952,7802829427,fcharles@example.com,True
ORG118,PRAC1986,Heather,Lopez,1991-02-20,Female,ADRS29817,8488021144,seanandrews@example.org,True
ORG130,PRAC1555,Barry,Marshall,1960-05-06,Female,ADRS28033,6816177561,joannahayden@example.com,True
ORG188,PRAC1952,Julie,Bonilla,1983-11-16,Male,ADRS27049,8674041349,cwolfe@example.org,True
ORG113,PRAC1014,James,Thompson,1957-03-23,Female,ADRS27063,7557201596,lauragriffin@example.com,True
ORG158,PRAC1423,Rachael,Miller,1996-07-05,Male,ADRS27990,9215393321,jeremymcbride@example.org,False
ORG185,PRAC1098,Sarah,Ward,1993-07-05,Male,ADRS29631,6166020165,qfry@example.com,False
ORG187,PRAC1480,Wendy,Greene,1950-10-01,Male,ADRS27242,7140986394,tmoses@example.com,False
ORG152,PRAC1034,Michelle,Johnson,1988-09-29,Male,ADRS26799,8005919692,morenoleslie@example.com,True
ORG100,PRAC1129,Sarah,Watkins,1964-04-28,Male,ADRS26304,7012704387,cruzvanessa@example.net,False
ORG198,PRAC1592,Jeffrey,Howard,1945-08-15,Female,ADRS27733,6085683102,diane07@example.net,True
ORG164,PRAC1416,Tiffany,Thompson,1951-09-08,Female,ADRS29786,8030869331,grant67@example.com,False
ORG175,PRAC1039,Angelica,Thomas,1945-01-31,Male,ADRS29016,6827457128,revans@example.net,True
ORG195,PRAC1530,Alexandria,Byrd,1952-03-26,Male,ADRS29081,9362272191,mcox@example.org,False
ORG181,PRAC1333,Dylan,Smith,1995-07-10,Male,ADRS28724,6654021734,camerondickerson@example.org,True
ORG107,PRAC1110,Benjamin,Lopez,1987-10-25,Male,ADRS28855,7231302298,brian88@example.org,True
ORG180,PRAC1571,Steven,Williamson,1962-11-02,Female,ADRS29787,6367291985,hbailey@example.org,False
ORG185,PRAC1976,Xavier,Meza,1969-01-31,Male,ADRS27433,6073567908,amanda45@example.org,True
ORG155,PRAC1641,Brian,Crawford,1970-03-04,Female,ADRS28496,7662819808,briley@example.com,True
ORG157,PRAC1606,Tammy,Bennett,1965-05-18,Male,ADRS29519,9224109096,kroberts@example.net,True
ORG175,PRAC1034,Penny,Wyatt,1967-02-03,Female,ADRS26285,6134785332,travis62@example.com,True
ORG171,PRAC1550,Diane,Frost,1977-03-29,Female,ADRS28976,9733803939,thomas13@example.com,False
ORG132,PRAC1379,David,Powell,1998-07-18,Female,ADRS27892,7701954959,philipwilliams@example.net,True
ORG127,PRAC1414,Angela,Keller,1982-04-14,Male,ADRS27307,7539956044,chloewilliamson@example.com,True
ORG187,PRAC1272,Carmen,Whitney,1981-06-29,Female,ADRS26227,6857013065,paularodriguez@example.com,False
ORG194,PRAC1379,Destiny,Donovan,1965-05-15,Male,ADRS26757,7496229313,knightalexander@example.net,False
ORG120,PRAC1648,Linda,Brown,1983-12-11,Female,ADRS29473,7455810401,garciamadison@example.net,False
ORG122,PRAC1804,Randall,Armstrong,2002-01-07,Female,ADRS26588,6535478956,atkinsonnicholas@example.net,True
ORG158,PRAC1565,Michael,Spencer,1970-12-13,Female,ADRS29386,9165963852,susanlowery@example.com,False
ORG139,PRAC1587,Leslie,Sanchez,1970-04-22,Male,ADRS26793,8682352935,relliott@example.net,False
ORG140,PRAC1452,Heidi,Ramos,1962-11-10,Male,ADRS28479,6494198274,michaelfletcher@example.com,False
ORG182,PRAC1137,Steven,Kane,2001-04-28,Female,ADRS26372,7990073131,benjamin65@example.org,False
ORG149,PRAC1795,Krista,Watson,1995-03-03,Male,ADRS27389,6276147276,carrolltony@example.net,True
ORG134,PRAC1092,Stephanie,Fernandez,1960-05-22,Male,ADRS26952,6977816358,trevinojason@example.com,False
ORG101,PRAC1522,Ashley,Cortez,2004-02-03,Female,ADRS28180,7164526024,charlesorr@example.org,True
ORG121,PRAC1779,Brent,Kelly,1994-11-02,Female,ADRS27125,7986495402,nancyhodges@example.net,False
ORG123,PRAC1825,Daniel,Jackson,1977-04-16,Female,ADRS28938,7444520409,alexandraedwards@example.org,False
ORG101,PRAC1941,Robert,Summers,1951-11-08,Female,ADRS27178,8831857619,icameron@example.com,False
ORG104,PRAC1650,Jeanne,Wright,1959-01-29,Female,ADRS27643,9317355398,nmartin@example.net,False
ORG157,PRAC1643,Samuel,Murray,1949-06-04,Female,ADRS29979,6382322176,sgarcia@example.com,False
ORG185,PRAC1256,John,Beck,1959-06-17,Female,ADRS26566,7199652111,andreareyes@example.net,False
ORG113,PRAC1622,James,Clark,1950-09-23,Female,ADRS27264,7453979062,awarner@example.com,True
ORG160,PRAC1136,Gabriel,White,1988-11-09,Female,ADRS27962,8556542315,wmaldonado@example.net,False
ORG146,PRAC1255,Deborah,Hall,1972-02-27,Male,ADRS28370,8683026326,eddiesmith@example.com,False
ORG180,PRAC1416,William,Lopez,1950-02-05,Female,ADRS29998,9425089204,jeanne90@example.com,False
ORG159,PRAC1824,Ronald,Nguyen,1988-06-03,Female,ADRS28308,7909763412,melissa02@example.net,False
ORG157,PRAC1098,Christopher,Grant,2003-01-11,Male,ADRS28062,7260399913,grayvanessa@example.org,False
ORG188,PRAC1078,Harold,Martinez,1946-06-13,Female,ADRS28654,7818016896,rrice@example.org,False
ORG174,PRAC1160,Sandra,Beck,1957-06-25,Male,ADRS27343,8374657575,hhenderson@example.org,False
ORG169,PRAC1110,Jesse,Riley,2003-02-17,Male,ADRS26230,7610043853,sarasmith@example.org,True
ORG197,PRAC1532,Elizabeth,Chase,1972-08-24,Female,ADRS29989,9480370223,mherrera@example.org,True
ORG184,PRAC1566,Tyler,Dalton,1991-02-26,Female,ADRS28545,6078360628,vasquezbrandi@example.com,False
ORG114,PRAC1841,Catherine,Grimes,1965-01-23,Male,ADRS27082,7936698966,johnsonthomas@example.com,False
ORG192,PRAC1948,Jimmy,Brown,1981-10-28,Male,ADRS26182,7004008495,andreagallegos@example.com,True
ORG169,PRAC1298,Linda,Byrd,1986-11-07,Male,ADRS27908,9006100193,ricemichael@example.net,True
ORG108,PRAC1573,Kevin,Farrell,1972-03-24,Female,ADRS26649,8590740451,jorgeliu@example.net,True
ORG163,PRAC1315,Julia,Wright,1961-10-23,Male,ADRS28836,8315007686,cole33@example.org,False
ORG181,PRAC1100,Raymond,Banks,1958-06-21,Male,ADRS29467,7039110899,leemichael@example.com,False
ORG103,PRAC1927,Kristy,Jennings,1976-08-09,Female,ADRS27728,6175324388,qwilliams@example.net,True
ORG110,PRAC1929,John,Bradley,1966-09-24,Female,ADRS28441,7133811451,robin27@example.net,True
ORG193,PRAC1076,Corey,Walker,1972-09-08,Female,ADRS28533,6228576741,carterjohn@example.org,False
ORG122,PRAC1759,Courtney,Schultz,1945-09-23,Male,ADRS26729,8313350525,paulsmith@example.net,False
ORG133,PRAC1838,Tina,Thompson,1995-02-04,Female,ADRS28778,7183173547,ryan45@example.net,True
ORG115,PRAC1644,Joyce,Peck,1994-05-01,Female,ADRS27647,6264421127,chadwoods@example.net,True
ORG195,PRAC1876,Lindsey,Brown,1957-01-01,Female,ADRS29931,7685796261,orichardson@example.net,False
ORG113,PRAC1213,Kevin,Stout,1948-11-21,Male,ADRS26615,8918168801,bradymichael@example.net,True
ORG140,PRAC1713,Robert,King,1955-06-23,Male,ADRS26219,6423968622,smithjustin@example.com,True
ORG103,PRAC1160,Holly,Henry,2002-03-27,Female,ADRS26342,6171783806,jamiehamilton@example.net,False
ORG135,PRAC1815,Paul,Johnson,1984-01-18,Female,ADRS29176,6151456852,xyates@example.com,False
ORG163,PRAC1213,Monica,Carson,1969-02-02,Female,ADRS27761,9853841995,jaredlozano@example.net,False
ORG134,PRAC1731,Ashley,Rosario,1980-06-10,Female,ADRS28014,8875250605,ipalmer@example.org,True
ORG121,PRAC1017,Matthew,Campbell,1974-09-07,Female,ADRS26886,9898542246,catherinelopez@example.org,True
ORG173,PRAC1133,Amanda,Christian,2001-07-21,Female,ADRS29023,9712908922,cdennis@example.net,False
ORG196,PRAC1289,Brooke,Mercer,1997-08-08,Female,ADRS28434,7568253417,isabellaking@example.org,False
ORG146,PRAC1327,Deanna,Ramirez,1944-09-11,Male,ADRS29623,6020041457,jkaufman@example.com,True
ORG191,PRAC1841,Lisa,Johnson,1972-05-25,Female,ADRS28293,6144841050,daviszachary@example.com,False
ORG148,PRAC1819,Russell,Thomas,1948-10-14,Female,ADRS29897,9689058202,jesse24@example.com,False
ORG131,PRAC1902,David,Boone,1943-07-19,Female,ADRS26223,8073108073,ichen@example.org,False
ORG156,PRAC1565,Ian,Hayden,1949-12-24,Male,ADRS29664,6343501879,vwright@example.org,True
ORG132,PRAC1347,Philip,Jones,1976-12-31,Female,ADRS26975,7213141598,melissa67@example.net,False
ORG199,PRAC1767,Chad,Burton,1977-09-11,Female,ADRS26666,9895154641,jennifertorres@example.net,True
ORG101,PRAC1126,Austin,Holmes,1949-07-19,Male,ADRS28609,7713500530,psanchez@example.net,False
ORG103,PRAC1767,Patty,Thompson,1996-06-28,Male,ADRS26241,6829441697,sarahbright@example.com,True
ORG123,PRAC1686,Jeffrey,Wright,1961-05-31,Male,ADRS28751,7088488708,kristisilva@example.net,False
ORG183,PRAC1694,Jessica,Dodson,1961-12-12,Male,ADRS29092,9750635209,caldwellsandra@example.org,True
ORG184,PRAC1875,Judith,Young,1944-05-12,Female,ADRS26861,7408276645,tatejordan@example.com,True
ORG117,PRAC1593,Christopher,Gilbert,1983-11-17,Male,ADRS29681,9416411593,hodgeeric@example.com,True
ORG127,PRAC1025,Victoria,Lopez,1968-11-27,Female,ADRS27318,7932424022,phillipscarol@example.org,False
ORG133,PRAC1510,Kimberly,Thornton,1954-02-07,Male,ADRS29731,9458133889,brittney52@example.com,False
ORG106,PRAC1350,Jeffery,Gentry,1992-10-26,Female,ADRS29254,9233597940,bethdavis@example.net,True
ORG121,PRAC1392,Lindsey,Garcia,1976-12-10,Male,ADRS28732,8840839500,donna03@example.com,True
ORG173,PRAC1518,Kimberly,Raymond,1949-11-10,Female,ADRS26350,9340967669,kschwartz@example.net,False
ORG180,PRAC1362,Lauren,Sheppard,1952-02-25,Female,ADRS29805,8276638963,jacqueline97@example.com,False
ORG177,PRAC1538,Matthew,Cruz,1961-12-16,Female,ADRS29044,9766004673,gcolon@example.com,False
ORG106,PRAC1680,Wanda,Taylor,1980-04-08,Female,ADRS26346,7443462195,aaguilar@example.net,True
ORG194,PRAC1844,Colleen,Bean,1977-06-26,Female,ADRS27597,8739911317,marybrown@example.org,False
ORG197,PRAC1635,Anthony,Rogers,1982-01-07,Female,ADRS28019,8096782729,julie85@example.org,True
ORG170,PRAC1613,Amber,Sanford,1987-03-22,Female,ADRS27045,6395535546,moonjohn@example.net,True
ORG100,PRAC1214,Melinda,Roth,1970-05-09,Female,ADRS29430,6260195116,amanda28@example.com,True
ORG106,PRAC1919,Daniel,Matthews,1984-11-14,Male,ADRS26328,6876848487,johnbruce@example.com,True
ORG134,PRAC1681,Jeff,Matthews,1975-12-07,Male,ADRS27486,9234072159,kristin79@example.org,True
ORG142,PRAC1942,Paige,Smith,1952-05-11,Male,ADRS29250,9377839466,amandahines@example.net,False
ORG104,PRAC1739,Matthew,Roman,1957-01-17,Male,ADRS28022,7864470410,tnunez@example.net,False
ORG124,PRAC1794,Angela,Howell,1962-04-08,Female,ADRS27998,7008169089,clarencerobinson@example.org,False
ORG124,PRAC1392,Donna,Henry,1968-12-16,Male,ADRS26499,6585643865,robertwood@example.net,True
ORG154,PRAC1490,Valerie,Fuller,1975-05-01,Male,ADRS29173,7387122939,gmurphy@example.com,True
ORG199,PRAC1581,Melissa,Smith,1975-09-05,Male,ADRS26746,8606828307,icrosby@example.org,False
ORG167,PRAC1992,Melody,Rodriguez,1956-10-26,Male,ADRS26765,6963109820,christinejacobson@example.net,True
ORG169,PRAC1989,Cathy,Bowers,2005-08-19,Male,ADRS29696,9594990455,kara52@example.net,True
ORG105,PRAC1674,Ruth,Reyes,1998-02-18,Male,ADRS26857,6936904775,travis28@example.com,False
ORG123,PRAC1464,Justin,Martinez,1982-05-26,Male,ADRS28309,7405040249,thomasschwartz@example.com,False
ORG161,PRAC1174,Joseph,Ramos,1952-08-25,Female,ADRS28643,9282909776,abigailwalter@example.net,False
ORG184,PRAC1566,Laura,Ross,1975-09-19,Female,ADRS26590,7452331068,angelaburke@example.net,True
ORG166,PRAC1185,Mark,Calhoun,1989-12-13,Male,ADRS26164,7642069221,benjaminparker@example.com,True
ORG156,PRAC1928,Alexander,Mccall,2000-10-17,Male,ADRS28741,7146935777,deckercindy@example.org,True
ORG148,PRAC1122,Hayley,Solomon,1982-09-08,Male,ADRS27837,6393707425,jeffreyallen@example.com,True
ORG120,PRAC1257,Cheryl,Santana,1980-09-02,Male,ADRS26278,9497257805,rwood@example.com,True
ORG163,PRAC1347,Patricia,Logan,1975-02-02,Female,ADRS29609,8158349913,wellis@example.com,False
ORG125,PRAC1683,Susan,Barnes,1977-06-04,Female,ADRS27440,7205429192,william05@example.com,False
ORG199,PRAC1484,Diana,Frost,1980-08-16,Female,ADRS27076,9629674637,nherring@example.org,True
ORG178,PRAC1018,Brandon,Jenkins,2000-07-09,Male,ADRS27160,7170820292,andrewspears@example.net,False
ORG100,PRAC1594,Jeremy,Powell,2003-01-17,Male,ADRS26890,6694691069,wrightsarah@example.com,False
ORG139,PRAC1712,Lisa,Pacheco,1964-03-14,Female,ADRS29041,7576422483,johnwebster@example.com,False
ORG167,PRAC1919,Sandra,Clay,1983-03-18,Male,ADRS26143,6620017811,laneanthony@example.com,True
ORG179,PRAC1319,Sheila,Love,1973-01-25,Male,ADRS29170,7891163366,susanbarnes@example.org,False
ORG168,PRAC1753,Joseph,Smith,1990-05-18,Female,ADRS27922,8607700082,smatthews@example.org,True
ORG143,PRAC1079,Sarah,Barnett,2004-04-22,Male,ADRS27013,9388478985,jessicahenderson@example.net,True
ORG134,PRAC1383,Melissa,Thomas,1998-08-19,Female,ADRS29993,6548753050,michael74@example.com,True
ORG153,PRAC1490,Katelyn,Roberts,1976-12-30,Female,ADRS27672,8215102452,mcmillanandrea@example.org,True
ORG103,PRAC1806,Steven,Baxter,1975-01-06,Male,ADRS26277,8147400736,xbarnes@example.org,True
ORG131,PRAC1718,Phillip,Miller,1991-07-30,Male,ADRS27677,9848643973,scottbeltran@example.com,False
ORG162,PRAC1457,Joshua,Duffy,1991-08-28,Male,ADRS28365,6568810342,andrea06@example.net,False
ORG122,PRAC1271,Michelle,Johnson,1985-10-31,Female,ADRS28171,8023148954,alankhan@example.org,False
ORG100,PRAC1551,Jeffrey,Chapman,1977-04-03,Female,ADRS29488,9821206518,shaunritter@example.net,True
ORG111,PRAC1006,Marissa,Jones,1947-11-24,Female,ADRS29872,9321916264,sanderssonya@example.net,True
ORG112,PRAC1249,Dylan,Briggs,1991-09-23,Male,ADRS29345,9928011993,pamelajones@example.net,False
ORG105,PRAC1149,Robyn,Patterson,1947-01-29,Male,ADRS28896,6650877289,theodore35@example.net,True
ORG103,PRAC1084,Emily,Rodriguez,1993-09-25,Male,ADRS26954,6149521898,christinabrown@example.com,False
ORG132,PRAC1429,Jacob,Mora,1981-06-29,Female,ADRS27896,7749371215,othomas@example.com,True
ORG106,PRAC1041,Leslie,James,1975-01-22,Female,ADRS29781,8036007158,wchambers@example.com,False
ORG132,PRAC1528,Steven,Joseph,1985-11-17,Female,ADRS26812,7896169789,dominguezmichael@example.com,False
ORG129,PRAC1072,Greg,Brown,1971-11-02,Female,ADRS26545,7136086054,lorraineballard@example.net,False
ORG160,PRAC1065,Timothy,Warren,1946-03-29,Male,ADRS27909,6125197466,hillrichard@example.com,True
ORG108,PRAC1147,Michelle,Thomas,1980-07-06,Male,ADRS26525,7455382955,grahamcourtney@example.com,True
ORG117,PRAC1730,Lisa,Hernandez,1948-06-16,Male,ADRS27060,6694113725,wbullock@example.com,True
ORG139,PRAC1355,Ernest,Mcmillan,1977-05-05,Male,ADRS29005,7346738544,washingtonjason@example.com,False
ORG171,PRAC1929,James,Summers,1987-09-27,Male,ADRS26411,8207883727,howardjeremy@example.org,False
ORG154,PRAC1746,Deborah,Peterson,1955-06-19,Female,ADRS26284,6614967954,jennifer71@example.net,True
ORG124,PRAC1227,Mark,Lee,1957-10-16,Female,ADRS27557,6973766745,awong@example.net,False
ORG162,PRAC1738,Margaret,Ortega,1976-11-19,Female,ADRS29579,7037841279,grodriguez@example.org,True
ORG165,PRAC1462,Wanda,Cross,1965-04-07,Male,ADRS27264,7892978340,philipgray@example.net,True
ORG187,PRAC1825,Lisa,Joseph,1943-04-08,Female,ADRS27021,8442793652,hthompson@example.com,False
ORG124,PRAC1991,Carla,Rogers,1983-04-19,Male,ADRS27569,8058230161,mitchellandre@example.com,True
ORG137,PRAC1231,Joe,Hale,1983-02-18,Female,ADRS26472,8977799944,drose@example.org,True
ORG136,PRAC1950,Julie,Becker,1986-09-19,Female,ADRS29570,8398663199,jill65@example.org,False
ORG149,PRAC1393,Allison,Perez,1963-05-06,Male,ADRS28110,6973406804,randywebb@example.net,False
ORG180,PRAC1429,Sheri,King,1972-03-12,Female,ADRS26402,9338626909,uwilliamson@example.net,True
ORG124,PRAC1902,Ariel,Davis,1958-09-09,Female,ADRS27375,7227681869,markanderson@example.org,False
ORG137,PRAC1827,Steven,Stephens,1998-10-05,Female,ADRS27356,7560824185,zgaines@example.org,True
ORG138,PRAC1887,Amy,Boyd,1998-02-20,Male,ADRS29775,7429630170,hernandezkristina@example.com,True
ORG126,PRAC1477,Teresa,Maxwell,1944-12-21,Male,ADRS28577,9133532343,millsphillip@example.net,True
ORG115,PRAC1463,Susan,Park,1990-04-06,Male,ADRS27908,6949709477,zunigacorey@example.org,False
ORG129,PRAC1127,Robert,Morales,1985-11-27,Male,ADRS29822,6917695922,rodriguezdanielle@example.com,False
ORG117,PRAC1972,Javier,Harmon,1985-01-01,Female,ADRS27373,9723229878,michael52@example.com,True
ORG157,PRAC1691,Emily,Moody,1949-12-16,Female,ADRS28905,9472402078,wparrish@example.org,False
ORG156,PRAC1239,Amy,Washington,1972-02-18,Male,ADRS27984,7441666813,duartebrian@example.net,False
ORG191,PRAC1441,Amy,Park,1981-11-14,Female,ADRS26325,6729602783,rasmussenpatricia@example.com,True
ORG123,PRAC1770,Thomas,Mckenzie,1978-09-28,Female,ADRS28785,7248761208,millerchad@example.com,False
ORG143,PRAC1438,Sarah,Williams,1998-08-10,Female,ADRS28305,9358051538,brandisimpson@example.org,False
ORG176,PRAC1231,Michael,Lucas,1977-02-14,Male,ADRS29938,7341897957,robbinsvickie@example.org,False
ORG157,PRAC1161,Christine,Parrish,1948-05-14,Male,ADRS27959,9688217483,nking@example.net,False
ORG197,PRAC1797,Kristin,Benjamin,1960-07-08,Female,ADRS28587,8821609035,iperez@example.net,False
ORG160,PRAC1028,Kevin,Daugherty,1997-10-03,Female,ADRS29567,7724308573,carlcummings@example.org,False
ORG185,PRAC1258,Kimberly,Ross,1965-05-07,Female,ADRS27837,7185498787,fthompson@example.com,True
ORG178,PRAC1808,Marcia,Lewis,1970-09-24,Male,ADRS28270,7604896124,millsstacy@example.org,False
ORG150,PRAC1731,Emma,Vega,2005-10-22,Female,ADRS27011,6399035569,michaelbrown@example.net,False
ORG180,PRAC1111,Dennis,Williams,1943-07-12,Female,ADRS26408,9719533995,aliciapowell@example.org,True
ORG114,PRAC1269,Michael,Montgomery,1987-10-23,Female,ADRS28576,9500186184,olivermichael@example.org,True
ORG112,PRAC1504,Lisa,Baker,1966-06-24,Female,ADRS28547,9293147872,wendyobrien@example.net,False
ORG159,PRAC1295,William,Watson,1977-09-18,Male,ADRS29374,8699942373,rgutierrez@example.net,True
ORG144,PRAC1717,Elizabeth,Novak,1954-08-21,Female,ADRS29526,7563003149,kenneth30@example.net,False
ORG110,PRAC1047,Jennifer,Patrick,1956-10-29,Female,ADRS29825,9467761202,craigjames@example.net,False
ORG192,PRAC1928,Rachel,Thomas,2004-10-27,Female,ADRS27908,9154348584,david13@example.com,True
ORG159,PRAC1174,Michelle,Burke,1970-03-14,Male,ADRS26525,6187607931,amy33@example.net,False
ORG101,PRAC1086,Michael,Herring,1954-08-23,Female,ADRS27042,8196955446,cnelson@example.com,True
ORG191,PRAC1902,Bryan,Cooper,1956-04-14,Male,ADRS28984,7414249536,leonardchristy@example.org,True
ORG109,PRAC1535,Tyler,Fuentes,1956-10-29,Male,ADRS29612,7712465672,kendrafoster@example.com,True
ORG122,PRAC1764,Curtis,Carr,1968-01-21,Female,ADRS29533,9875256961,gainesaustin@example.com,True
ORG161,PRAC1692,Kathryn,Caldwell,1959-07-09,Female,ADRS29986,7197220412,ilarson@example.net,True
ORG173,PRAC1373,James,Williams,1982-01-05,Male,ADRS27766,7175013763,turnerandrew@example.org,True
ORG178,PRAC1309,Timothy,Chavez,1951-01-27,Male,ADRS29140,7290313340,hlevy@example.com,False
ORG158,PRAC1870,Colton,Wade,1980-06-14,Female,ADRS29719,6432083263,dmathis@example.net,True
ORG198,PRAC1862,Richard,Reynolds,1961-08-28,Male,ADRS26610,9372047334,joshuawilkins@example.com,False
ORG106,PRAC1687,David,Walker,1983-02-17,Female,ADRS27234,9111294447,amber22@example.org,False
ORG189,PRAC1822,Trevor,Cruz,1944-03-13,Female,ADRS26837,7133875003,mercadocassandra@example.net,False
ORG157,PRAC1175,Kristy,Gardner,1986-06-25,Male,ADRS29082,8388729589,nashrobert@example.net,False
ORG182,PRAC1566,Dean,Butler,2000-02-10,Female,ADRS28032,9155959054,xbrown@example.com,False
ORG143,PRAC1934,Dawn,Owen,2002-01-28,Female,ADRS29996,8945750240,williambanks@example.org,True
ORG153,PRAC1115,Susan,Leon,1944-05-16,Male,ADRS29747,6777720926,lharrison@example.net,False
ORG124,PRAC1576,Victoria,Little,1985-03-03,Female,ADRS26758,7386862888,cookdiana@example.net,False
ORG184,PRAC1522,Zachary,Gray,1973-10-16,Male,ADRS28131,9391890217,ballardbrian@example.org,True
ORG112,PRAC1223,Michael,Vaughn,1981-06-13,Female,ADRS27931,6615592049,seth20@example.com,False
ORG138,PRAC1331,Lynn,Edwards,1973-01-22,Male,ADRS29514,7966800775,kimberlyroth@example.com,True
ORG140,PRAC1369,Matthew,Moss,1985-06-21,Female,ADRS28218,7970466656,adamarnold@example.org,False
ORG189,PRAC1803,Anthony,Jensen,2001-07-25,Female,ADRS26730,9861968747,dnelson@example.org,True
ORG194,PRAC1631,Martha,Nixon,1982-12-20,Male,ADRS27108,8872870730,julierodriguez@example.org,True
ORG190,PRAC1277,Jackie,Moss,1980-03-18,Male,ADRS26153,6174386766,framirez@example.com,False
ORG187,PRAC1743,Luis,Sullivan,2003-04-12,Male,ADRS29536,8158960182,csmith@example.com,True
ORG186,PRAC1584,Kaitlyn,Benitez,1976-08-28,Female,ADRS28471,7482635636,yrasmussen@example.com,False
ORG121,PRAC1779,Madeline,Wright,1983-03-13,Male,ADRS28831,9435877531,jramirez@example.com,False
ORG144,PRAC1952,Mark,King,1998-03-18,Male,ADRS29241,8673887289,wilcoxmary@example.net,False
ORG156,PRAC1970,Stephanie,Bass,1951-04-28,Female,ADRS29672,6801123987,laura16@example.com,False
ORG168,PRAC1589,Christopher,Smith,1995-11-08,Male,ADRS28639,6587816475,emily50@example.org,True
ORG157,PRAC1910,Jasmine,Burnett,1980-12-10,Male,ADRS27188,7609406274,jacobbell@example.com,False
ORG149,PRAC1352,Crystal,Jensen,1984-05-04,Female,ADRS27638,9246240911,ccruz@example.com,True
ORG167,PRAC1574,Glen,Dixon,2001-06-05,Male,ADRS27054,9690347024,allisonreese@example.com,False
ORG195,PRAC1810,Nathan,Knight,1960-10-19,Male,ADRS27482,8023688270,freyes@example.net,False
ORG178,PRAC1001,Kenneth,Underwood,1988-08-30,Female,ADRS29748,8063009262,zavalajeffrey@example.com,True
ORG141,PRAC1305,Ashley,Robles,1943-03-05,Male,ADRS29115,9997350638,jhall@example.com,True
ORG185,PRAC1245,Jacqueline,Lee,1969-04-04,Male,ADRS27663,7375332822,jjones@example.net,False
ORG148,PRAC1618,Katrina,Huerta,1947-01-02,Female,ADRS26061,7452948706,chasecaleb@example.com,True
ORG167,PRAC1364,Dominique,Davis,1982-01-03,Female,ADRS28635,8541647047,bryancobb@example.org,True
ORG190,PRAC1851,Reginald,Hernandez,1952-05-17,Male,ADRS29658,8139929149,heather57@example.com,True
ORG198,PRAC1839,Nicole,Silva,1946-10-29,Male,ADRS26010,9187640529,jenniferwilliams@example.org,True
ORG164,PRAC1217,Nathan,Lane,1963-06-12,Male,ADRS28933,6493925089,adamsbrad@example.net,True
ORG144,PRAC1507,Erika,Ward,1951-05-14,Male,ADRS26879,7113849268,brandyevans@example.net,False
ORG117,PRAC1826,Christine,Shaw,1948-05-25,Female,ADRS26108,9848477432,alicia83@example.com,False
ORG100,PRAC1374,Karen,Rose,2003-07-06,Male,ADRS26058,9586650378,karencaldwell@example.org,True
ORG173,PRAC1533,Kathryn,Shaffer,2000-11-19,Male,ADRS29356,8479920263,isabelmacias@example.org,True
ORG188,PRAC1799,Stephanie,Harper,1968-07-22,Male,ADRS27962,6557146121,torrescarrie@example.com,False
ORG186,PRAC1124,Jennifer,Mueller,1988-12-11,Female,ADRS26024,8564242842,turnernathan@example.org,False
ORG116,PRAC1749,Grace,Bailey,1950-11-11,Male,ADRS27507,9173584814,krojas@example.com,True
ORG155,PRAC1216,Sara,Barker,1961-08-27,Female,ADRS29517,7921130350,leegregory@example.net,True
ORG135,PRAC1020,Tammy,Macias,1963-02-07,Female,ADRS29805,7299712223,wwashington@example.net,True
ORG155,PRAC1964,Joy,Cruz,1961-10-12,Male,ADRS26684,6739578924,mason51@example.org,True
ORG193,PRAC1313,Aaron,Crawford,1983-09-26,Male,ADRS28102,9265960388,lauraduffy@example.net,True
ORG105,PRAC1438,Elizabeth,Smith,2000-04-08,Female,ADRS27721,6517832273,christinebrown@example.com,False
ORG152,PRAC1360,Paul,Malone,1963-09-29,Male,ADRS29116,7631191264,rharris@example.org,False
ORG119,PRAC1926,Alexandria,Richardson,1986-04-27,Female,ADRS29838,9224732685,karensimpson@example.org,True
ORG166,PRAC1719,Eric,Lyons,1985-01-07,Female,ADRS26460,8660020157,davisrichard@example.net,True
ORG190,PRAC1983,Ethan,Massey,1951-08-24,Male,ADRS27117,8407782507,andrewoneal@example.com,True
ORG183,PRAC1542,Dawn,Green,1970-06-06,Male,ADRS27690,9207148047,pgonzalez@example.com,True
ORG153,PRAC1453,James,Brown,1957-03-30,Female,ADRS28671,9726230800,frenchsara@example.com,True
ORG112,PRAC1351,John,Frazier,1970-11-25,Female,ADRS29184,9660631070,allenamanda@example.org,True
ORG115,PRAC1135,Peter,Gomez,1961-05-18,Female,ADRS29062,8766128254,hartlisa@example.com,True
ORG147,PRAC1301,Susan,Gordon,1960-09-18,Female,ADRS27598,6597054726,elizabeth50@example.org,False
ORG157,PRAC1997,Suzanne,Schneider,1969-03-05,Female,ADRS28382,8659553238,annettecook@example.org,False
ORG107,PRAC1837,Wanda,Zimmerman,1968-11-08,Male,ADRS27547,6915993819,ganderson@example.net,False
ORG116,PRAC1595,Julie,Randall,1977-02-03,Female,ADRS28884,7603498755,scottvillegas@example.net,False
ORG115,PRAC1786,Daniel,Smith,1990-06-27,Male,ADRS29679,9776339756,kirkbarbara@example.net,True
ORG184,PRAC1280,Nicole,Martinez,1983-04-20,Female,ADRS29106,7227118687,amandalandry@example.net,False
ORG144,PRAC1223,Adam,Sanchez,1998-03-27,Male,ADRS28256,8894360747,lmiller@example.org,False
ORG110,PRAC1879,Thomas,Holland,1994-03-02,Female,ADRS26295,8674038191,phall@example.com,False
ORG149,PRAC1731,Andrew,Davis,1998-07-09,Female,ADRS27326,6789830030,vjones@example.org,False
ORG164,PRAC1895,Samantha,Stevens,1967-06-14,Female,ADRS28968,7897749379,lindalee@example.com,True
ORG139,PRAC1952,Christopher,Bell,2002-02-04,Female,ADRS28283,6162338522,daisy94@example.com,True
ORG150,PRAC1040,Melissa,Morales,1959-10-31,Male,ADRS28531,6856515044,kyliemanning@example.net,False
ORG167,PRAC1597,Heather,Ryan,1970-11-04,Male,ADRS27364,7113612946,ipatel@example.com,False
ORG173,PRAC1927,Emily,Hernandez,1945-09-03,Male,ADRS27428,7630825303,cunninghamjennifer@example.net,False
ORG172,PRAC1200,Heather,Burns,1955-08-10,Male,ADRS26389,8568093260,upayne@example.org,False
ORG169,PRAC1198,Christopher,Berry,1957-12-15,Female,ADRS28441,7671186591,sparksjeffrey@example.com,False
ORG171,PRAC1208,Anna,Flores,1960-01-10,Female,ADRS28782,6677283735,parkerpaul@example.net,False
ORG182,PRAC1066,Gerald,Cortez,2003-06-12,Male,ADRS26365,6446979972,tonywhitaker@example.org,False
ORG113,PRAC1756,Julian,Beasley,2002-01-21,Female,ADRS28049,7105351761,brooke18@example.com,False
ORG114,PRAC1454,Christopher,Pineda,1994-06-28,Male,ADRS29342,7530981433,sgibbs@example.com,False
ORG117,PRAC1783,Barbara,Fuller,1983-11-17,Female,ADRS27870,9981713496,ncastro@example.com,True
ORG184,PRAC1492,Katherine,Cruz,1946-02-06,Male,ADRS29490,9219329073,julie14@example.net,False
ORG124,PRAC1000,Katie,Turner,1945-07-24,Female,ADRS26144,7581325789,elopez@example.net,True
ORG171,PRAC1343,Hannah,Herman,1974-09-11,Female,ADRS28539,8269801654,david74@example.net,True
ORG143,PRAC1167,Stephen,English,1989-07-09,Male,ADRS29990,9862985475,villanuevavanessa@example.net,False
ORG174,PRAC1964,Abigail,Estrada,1960-06-14,Female,ADRS27471,9895370453,torresjamie@example.org,True
ORG166,PRAC1738,Caleb,Edwards,1982-10-21,Male,ADRS27379,7827114777,alexa38@example.org,True
ORG144,PRAC1142,Melissa,Smith,1993-07-01,Female,ADRS26011,8934571032,imullins@example.com,False
ORG183,PRAC1159,Allen,Davidson,1962-06-19,Female,ADRS27936,7507112596,tcoleman@example.com,False
ORG138,PRAC1317,Kaitlyn,Williams,2004-02-27,Male,ADRS28704,8504854212,ljohnston@example.net,True
ORG150,PRAC1644,Elizabeth,Bell,1977-04-28,Female,ADRS29801,7622243476,katie30@example.com,False
ORG127,PRAC1486,Michael,Anderson,1961-08-08,Female,ADRS27847,9661713800,salazarjohn@example.com,True
ORG141,PRAC1097,Jennifer,Dorsey,1971-09-21,Female,ADRS26039,6689107518,nwhite@example.net,False
ORG173,PRAC1706,Robin,Hicks,2000-04-27,Male,ADRS28622,9319685992,laurie32@example.org,False
ORG115,PRAC1962,Mary,Levy,1959-09-25,Male,ADRS28770,8905410610,ashley48@example.org,False
ORG136,PRAC1793,Jennifer,Henry,1947-03-15,Male,ADRS27890,9048383495,pclark@example.net,False
ORG161,PRAC1229,Jennifer,Olson,1968-12-13,Male,ADRS27842,7030894494,eric08@example.com,False
ORG118,PRAC1791,Catherine,Irwin,2005-10-14,Female,ADRS28834,7889273501,ojenkins@example.org,False
ORG144,PRAC1873,Derrick,Mayer,1996-07-07,Female,ADRS27510,6592261063,michael63@example.org,True
ORG131,PRAC1390,Jamie,Hall,1948-08-09,Female,ADRS27482,8437041671,christian78@example.com,True
ORG106,PRAC1878,Holly,Lucero,1965-04-01,Female,ADRS26537,9504610066,marshallashley@example.com,False
ORG138,PRAC1625,Jerry,Spencer,1999-11-17,Female,ADRS29141,9184678622,dmoore@example.net,False
ORG156,PRAC1033,William,Anderson,1946-04-10,Female,ADRS28087,8487270370,bondmichael@example.com,False
ORG123,PRAC1980,Jamie,Rich,1943-10-31,Male,ADRS27160,8004605000,vargassusan@example.org,True
ORG133,PRAC1245,Sandra,Johnson,2002-12-31,Female,ADRS28422,9224894966,derekpacheco@example.com,True
ORG178,PRAC1735,Sydney,Blair,1982-06-08,Male,ADRS29434,6460427964,janeherrera@example.com,False
ORG117,PRAC1354,Patricia,Frost,2000-06-09,Female,ADRS26235,6512200132,petersonphilip@example.org,False
ORG142,PRAC1941,Tamara,Kelley,1961-12-10,Female,ADRS26301,9592210835,pauljohnson@example.org,False
ORG186,PRAC1566,Emily,Zamora,1964-01-08,Male,ADRS28102,9729693761,rsmith@example.net,True
ORG143,PRAC1239,Laurie,Butler,1970-01-29,Male,ADRS27538,8037159241,ronald53@example.org,False
ORG120,PRAC1215,Ryan,Anderson,1947-01-13,Female,ADRS26826,9422599994,uboyd@example.net,True
ORG178,PRAC1414,Troy,Richmond,1946-07-05,Female,ADRS28806,7113269182,edwardcook@example.net,False
ORG177,PRAC1145,Stephanie,Marshall,1991-11-25,Male,ADRS27348,6460266833,ipoole@example.org,True
ORG180,PRAC1751,Sean,Chambers,1944-06-30,Female,ADRS28277,8519046386,matthew38@example.com,True
ORG116,PRAC1049,Nathan,Chavez,1987-02-24,Female,ADRS29439,9276042449,bbaker@example.org,False
ORG196,PRAC1526,Sarah,Richardson,1971-06-03,Male,ADRS27247,6820632124,michaeljoseph@example.org,False
ORG143,PRAC1761,Deborah,Russell,1980-10-13,Female,ADRS28628,6069040984,kristinameyer@example.com,False
ORG152,PRAC1407,Brian,Mueller,1957-12-27,Female,ADRS26008,7299534727,jenniferrobertson@example.org,True
ORG132,PRAC1353,Alice,Hunt,1994-04-30,Male,ADRS27337,6724174952,crystalholland@example.org,False
ORG194,PRAC1458,Douglas,Torres,1966-03-02,Female,ADRS29982,7341229141,clarkmichelle@example.com,False
ORG176,PRAC1943,Matthew,Lee,1989-09-11,Female,ADRS28982,8668708518,veronica76@example.net,False
ORG103,PRAC1822,Julia,Barnes,1954-05-24,Female,ADRS27069,9854949677,rnixon@example.com,True
ORG135,PRAC1503,Claudia,Padilla,1972-07-15,Female,ADRS28663,8738676805,renee84@example.net,True
ORG112,PRAC1533,Denise,Horton,2002-01-04,Female,ADRS26017,6712057053,jennifer80@example.org,False
ORG160,PRAC1401,Vincent,Price,1993-05-30,Male,ADRS29570,8582160002,rodney13@example.net,True
ORG155,PRAC1199,Jason,Taylor,1956-03-18,Male,ADRS27635,9214901374,qcastillo@example.org,True
ORG120,PRAC1501,Michael,Castillo,1973-05-15,Male,ADRS28868,9200377594,adrian59@example.org,True
ORG157,PRAC1590,Lucas,Bauer,1994-04-18,Female,ADRS27647,8052336450,potterbrian@example.net,True
ORG105,PRAC1020,Rachel,Munoz,1956-07-04,Male,ADRS28006,6213536884,wallbrian@example.org,True
ORG119,PRAC1297,Kimberly,Morris,1943-05-15,Female,ADRS27241,9720529610,benjamin97@example.com,True
ORG116,PRAC1286,Howard,Johnson,1974-09-21,Male,ADRS29290,9846025484,silvajoseph@example.org,False
ORG175,PRAC1230,Christine,Odonnell,1957-02-16,Female,ADRS28477,9685062175,heather20@example.com,False
ORG197,PRAC1991,Carlos,Coffey,1982-12-08,Male,ADRS29090,6739366709,jameslauren@example.net,True
ORG186,PRAC1139,William,Flynn,1952-09-10,Male,ADRS29832,6699487412,wolfmartin@example.org,True
ORG128,PRAC1670,Joan,Nguyen,1947-09-01,Female,ADRS26590,6679947057,karen07@example.net,True
ORG100,PRAC1921,Amy,Neal,1949-09-16,Female,ADRS29765,9844132535,brownkevin@example.org,True
ORG183,PRAC1493,Suzanne,Clark,1960-12-12,Female,ADRS29034,8033956013,munozpatricia@example.net,False
ORG192,PRAC1525,Leroy,James,1970-05-04,Female,ADRS28169,9042734147,melinda63@example.com,True
ORG199,PRAC1899,Catherine,Dunn,1958-03-16,Male,ADRS28352,8606774546,joshua06@example.net,False
ORG103,PRAC1840,Michael,Lewis,1970-09-18,Female,ADRS28920,6412565614,jesse82@example.net,False
ORG102,PRAC1697,Tammy,Hurley,1987-11-21,Female,ADRS28025,9604618094,justin24@example.org,False
ORG182,PRAC1388,Amber,Kramer,2001-05-15,Male,ADRS27901,9057737215,coxjonathon@example.org,True
ORG158,PRAC1366,Christina,Roberts,1984-07-22,Male,ADRS29128,9873969924,smithwendy@example.net,False
ORG147,PRAC1488,David,Cardenas,1965-03-17,Male,ADRS29208,7527378131,cruzsherri@example.net,True
ORG126,PRAC1694,Anthony,Kerr,1956-08-06,Female,ADRS28849,6570759452,kbarajas@example.net,False
ORG148,PRAC1358,Casey,Robinson,1973-05-23,Male,ADRS26827,9333185981,sferguson@example.com,False
ORG114,PRAC1120,Mary,Andrade,1943-01-29,Male,ADRS29856,9629112494,mhenderson@example.com,True
ORG125,PRAC1460,Misty,Lee,1944-02-12,Male,ADRS29275,9137719566,henrybaker@example.com,True
ORG198,PRAC1549,Michael,Rodriguez,1961-03-19,Male,ADRS28347,8859293153,lorrainelopez@example.org,False
ORG103,PRAC1613,Denise,Reeves,1984-04-25,Male,ADRS28170,9705352593,chadrobinson@example.com,True
ORG119,PRAC1254,Patricia,Hill,1989-03-31,Male,ADRS28075,9811687378,batesaaron@example.org,True
ORG100,PRAC1123,Jessica,Brown,1952-10-11,Female,ADRS27459,8218578129,shannondebra@example.org,False
ORG167,PRAC1170,Johnny,Cole,1953-06-12,Male,ADRS26995,9375564726,tgriffin@example.com,True
ORG169,PRAC1670,Matthew,Reynolds,1991-10-06,Female,ADRS26878,6861454519,bryanmcknight@example.com,True
ORG116,PRAC1492,Nicole,Leblanc,1960-01-26,Female,ADRS26492,7178014651,samanthapierce@example.com,False
ORG143,PRAC1572,Antonio,Peterson,1982-01-27,Female,ADRS27604,6568971230,roblesryan@example.org,True
ORG114,PRAC1576,Brian,Garcia,1991-02-18,Male,ADRS26976,6617074550,melissashields@example.com,True
ORG111,PRAC1141,Jennifer,Thomas,1977-06-24,Male,ADRS26953,8957211135,vdunn@example.com,True
ORG145,PRAC1467,Michelle,Garcia,1963-10-17,Female,ADRS27858,7351107694,donald51@example.org,False
ORG191,PRAC1853,Mary,Stokes,1966-09-29,Female,ADRS28832,6391906776,scottsarah@example.org,False
ORG159,PRAC1832,Sean,Garcia,1998-10-29,Male,ADRS29178,7037310975,kelly86@example.net,True
ORG107,PRAC1488,Steven,Hardy,2001-03-12,Female,ADRS26232,6469175161,timothydouglas@example.org,True
ORG120,PRAC1979,Jeff,Palmer,1987-02-10,Male,ADRS28643,7683919742,lharrison@example.com,True
ORG111,PRAC1983,Carrie,Bell,1967-07-17,Male,ADRS29236,9514824318,greggperkins@example.org,False
ORG145,PRAC1472,Sarah,Davis,1961-05-24,Male,ADRS26241,6903252141,stephanie62@example.org,False
ORG173,PRAC1676,Samuel,Zamora,1999-05-02,Female,ADRS28675,7150371245,pittseric@example.com,False
ORG121,PRAC1595,Diana,Ryan,1956-06-28,Female,ADRS28753,7935495828,santiagoangela@example.com,False
ORG146,PRAC1557,Leah,Mclean,1949-08-28,Male,ADRS26842,6973352059,dcraig@example.com,False
ORG128,PRAC1434,Raymond,Smith,1970-03-02,Male,ADRS28867,9651067400,vfitzgerald@example.com,False
ORG192,PRAC1386,Mariah,Johnson,1959-09-29,Female,ADRS26353,8311486018,hray@example.org,True
ORG125,PRAC1053,David,Pearson,1953-07-15,Male,ADRS27566,6410375082,markbenitez@example.com,False
ORG104,PRAC1670,Daniel,Maxwell,1982-10-29,Male,ADRS28269,9606900112,amyriley@example.com,True
ORG151,PRAC1716,Sandy,Cunningham,1999-12-21,Female,ADRS28574,6426326916,travisdyer@example.net,False
ORG159,PRAC1790,Alexander,Lewis,1968-02-21,Female,ADRS28441,8366075928,nathannelson@example.net,True
ORG122,PRAC1168,Daniel,Sanders,1949-04-30,Female,ADRS28129,9085773245,debraschmidt@example.com,False
ORG180,PRAC1034,Emma,Moreno,1957-09-29,Female,ADRS29623,9937112743,parkerkristen@example.org,False
ORG121,PRAC1432,Jared,Cervantes,1950-08-18,Male,ADRS27084,6197120082,brownryan@example.org,True
ORG109,PRAC1312,Mark,Skinner,1948-10-16,Male,ADRS27232,8995068411,wfreeman@example.net,False
ORG151,PRAC1143,Amber,Garcia,1985-07-31,Female,ADRS27931,9297421624,tracy44@example.org,True
ORG179,PRAC1647,Luis,Brown,1980-08-03,Male,ADRS26715,8747645709,rosekevin@example.org,True
ORG153,PRAC1847,Danielle,Ortiz,1999-08-02,Female,ADRS26870,9193082136,caseysusan@example.com,True
ORG128,PRAC1207,James,Anderson,1997-11-01,Male,ADRS28298,9782413392,martinkevin@example.org,True
ORG171,PRAC1292,Michael,Sullivan,1951-12-27,Male,ADRS26676,9857927328,torrescatherine@example.net,False
ORG107,PRAC1507,Laura,Bell,1985-11-19,Female,ADRS29972,6313998723,glewis@example.com,True
ORG159,PRAC1268,Brittany,Gilmore,2004-06-14,Female,ADRS26035,9738175271,sergiomyers@example.org,False
ORG157,PRAC1074,Stephen,Perez,1946-05-07,Male,ADRS27546,8163715596,john29@example.com,False
ORG172,PRAC1651,Jason,Morris,1984-03-26,Male,ADRS28557,9914437326,upham@example.net,False
ORG188,PRAC1351,Michelle,Gonzalez,1964-04-19,Female,ADRS26820,9159949008,chavezrobert@example.net,True
ORG145,PRAC1600,Robert,Russell,2002-01-28,Female,ADRS27471,7476516336,stephanie95@example.org,False
ORG171,PRAC1852,Gail,Warner,1996-08-28,Female,ADRS27760,9381796538,christina65@example.com,False
ORG143,PRAC1640,Jessica,Baker,1996-07-15,Male,ADRS28608,7410478813,julian31@example.org,True
ORG158,PRAC1905,Manuel,Chen,1957-10-09,Male,ADRS29464,9256061910,jonathan53@example.net,True
ORG152,PRAC1556,Rebecca,Carlson,1979-12-17,Female,ADRS28147,7672583871,heather77@example.net,True
ORG135,PRAC1473,Ann,Huber,1960-07-14,Female,ADRS28383,9101207346,stacyadams@example.com,False
ORG142,PRAC1306,Heather,Perez,1945-10-16,Male,ADRS29320,6768204172,stevenchoi@example.org,True
ORG131,PRAC1332,Tonya,Lee,1960-08-09,Male,ADRS26292,7951622753,wgreene@example.org,False
ORG138,PRAC1417,Ryan,Morgan,1956-01-11,Female,ADRS27035,8294781372,hansonbrian@example.com,True
ORG102,PRAC1034,Patrick,Hart,2000-10-12,Female,ADRS26301,9644771411,shannon83@example.net,False
ORG148,PRAC1818,Rhonda,Wolfe,1991-03-01,Female,ADRS28329,7962397023,njefferson@example.net,True
ORG153,PRAC1944,Andrea,Holmes,1943-09-21,Female,ADRS27134,8283152707,sandraferrell@example.net,True
ORG176,PRAC1979,Elizabeth,Wright,1986-04-16,Female,ADRS29005,6439821282,james59@example.net,True
ORG150,PRAC1109,Maria,Johnson,1989-09-24,Male,ADRS26732,7364427944,wkent@example.org,False
ORG124,PRAC1527,Melissa,Johnson,1986-04-02,Male,ADRS28096,9613535320,lcamacho@example.com,True
ORG128,PRAC1430,Jason,Andrews,1993-09-06,Female,ADRS29845,6336476296,jhicks@example.org,True
ORG177,PRAC1613,Brian,Payne,1988-08-31,Male,ADRS29914,6527014851,caitlinfernandez@example.com,True
ORG118,PRAC1102,Erin,Black,1961-01-16,Male,ADRS28206,8235557870,alexanderjoseph@example.net,True
ORG168,PRAC1982,Dennis,Smith,1986-04-07,Female,ADRS27003,8372931068,betty83@example.net,True
ORG197,PRAC1067,Zachary,Taylor,1982-06-23,Female,ADRS26225,8739610520,jclark@example.org,True
ORG135,PRAC1598,Tiffany,Reynolds,1997-05-11,Female,ADRS29432,9555429972,laurafritz@example.org,False
ORG161,PRAC1315,Joanna,Jackson,1985-03-15,Female,ADRS28982,9260958757,kpatel@example.com,False
ORG115,PRAC1835,Christy,Russell,1969-07-17,Female,ADRS28225,7355159320,bjones@example.org,False
ORG177,PRAC1648,Joseph,Cox,1981-01-14,Female,ADRS27738,8849259519,jonesyvette@example.com,True
ORG111,PRAC1295,Jasmine,Cochran,1956-05-13,Male,ADRS28789,7945025517,hjuarez@example.org,True
ORG197,PRAC1490,Rachel,Bennett,1964-03-16,Male,ADRS29034,9467521952,ryanwilliamson@example.net,True
ORG102,PRAC1460,Erica,Kramer,1996-06-30,Female,ADRS29363,7273878404,gregory89@example.com,False
ORG153,PRAC1318,Benjamin,Ross,1993-05-04,Male,ADRS27807,9267285824,reyeskathryn@example.org,True
ORG199,PRAC1708,Mary,Bean,1954-12-12,Male,ADRS27446,9671749037,danielcampbell@example.org,True
ORG179,PRAC1971,Jon,Yates,1967-06-23,Female,ADRS26337,8305388744,ianstout@example.org,False
ORG140,PRAC1426,Stephanie,Patterson,1976-04-04,Female,ADRS27129,8396829183,thomasthomas@example.com,True
ORG181,PRAC1790,Gary,Aguilar,1988-11-11,Male,ADRS29971,8562209499,rmarshall@example.com,False
ORG165,PRAC1333,Justin,Miller,1954-07-20,Female,ADRS28758,7038752266,martinrandall@example.org,True
ORG121,PRAC1897,Julie,Meadows,1990-02-02,Male,ADRS29281,9411496801,rwilliams@example.net,True
ORG104,PRAC1355,Linda,Thomas,1949-08-26,Female,ADRS26780,8515744757,connieboyle@example.org,True
ORG156,PRAC1303,Diane,Herman,1992-11-20,Female,ADRS27099,7541302677,kevinlewis@example.net,True
ORG193,PRAC1162,Ashley,Harris,1979-03-25,Female,ADRS26129,8792960097,georgetyler@example.org,True
ORG166,PRAC1915,Michelle,Williams,1972-10-03,Male,ADRS26465,7882892996,bmiller@example.com,False
ORG146,PRAC1241,Daniel,Lewis,1979-10-07,Female,ADRS29083,6051131357,aimee45@example.net,False
ORG160,PRAC1372,Erica,Johnson,1983-02-23,Male,ADRS29643,7053053864,zfarmer@example.com,True
ORG128,PRAC1239,Victor,Harris,1947-01-10,Female,ADRS29960,9540483578,selenabarnes@example.com,True
ORG188,PRAC1668,Andrew,Conley,1955-11-16,Female,ADRS28667,7362359870,bsmith@example.net,False
ORG103,PRAC1271,Tyler,Wilson,1987-02-11,Male,ADRS26887,8498034854,carpenterraymond@example.net,True
ORG189,PRAC1333,Sherri,Campbell,1956-03-07,Female,ADRS28820,9223633134,willielara@example.com,True
ORG136,PRAC1146,Kimberly,Williams,2000-02-21,Male,ADRS26456,6888407412,philliprobertson@example.net,False
ORG152,PRAC1242,James,Clark,1947-11-25,Male,ADRS27120,8181800760,diana28@example.com,False
ORG124,PRAC1995,Victoria,Hardin,1962-02-18,Female,ADRS28237,9034815421,ugrant@example.org,False
ORG101,PRAC1837,Kristina,Turner,1959-02-27,Male,ADRS29286,7941319580,suarezjodi@example.net,False
ORG189,PRAC1160,Christopher,Jones,1945-05-16,Male,ADRS27658,6394301193,marissa67@example.org,False
ORG144,PRAC1175,Michael,Mason,1953-02-03,Male,ADRS26370,8630266292,jeremy80@example.org,False
ORG154,PRAC1952,Gary,Diaz,1999-10-28,Female,ADRS26245,9855699558,brian71@example.com,True
ORG133,PRAC1218,Monique,Davis,1979-12-23,Male,ADRS29816,6480402434,mwarren@example.org,True
ORG189,PRAC1601,Jonathan,Lopez,1954-03-09,Male,ADRS28213,8697276912,colleen25@example.net,False
ORG181,PRAC1243,Daniel,Deleon,1955-02-12,Male,ADRS27060,7265491686,fwalters@example.net,True
ORG162,PRAC1941,James,Wilson,1952-08-14,Female,ADRS29404,8328228756,kennedythomas@example.org,False
ORG171,PRAC1745,Adam,Butler,1978-06-23,Female,ADRS28171,7326604500,benjamin87@example.com,True
ORG187,PRAC1128,Catherine,Davis,1943-12-05,Male,ADRS29054,9819612950,brittany43@example.org,True
ORG135,PRAC1519,Mary,Solis,1957-06-04,Male,ADRS26787,8505247264,alewis@example.org,True
ORG166,PRAC1927,Anthony,Walsh,1999-11-23,Female,ADRS27992,6917882173,angelalee@example.net,True
ORG129,PRAC1533,Maria,Todd,1999-07-29,Male,ADRS28567,7558911000,stephennguyen@example.net,True
ORG162,PRAC1423,Edward,Parsons,1986-09-02,Female,ADRS26860,7170183490,ybarrett@example.com,False
ORG115,PRAC1469,Susan,Johnson,1973-07-23,Male,ADRS29733,7680294011,austin99@example.org,True
ORG139,PRAC1150,Brianna,Hale,1943-04-16,Male,ADRS26297,9821147963,biancaguzman@example.org,False
ORG107,PRAC1942,Laura,Hodge,1989-02-07,Female,ADRS28988,8747083651,whitedonna@example.net,True
ORG186,PRAC1601,Michael,Hernandez,1971-06-20,Male,ADRS26535,8834022604,longanthony@example.org,True
ORG189,PRAC1593,Angela,Perry,1993-08-07,Male,ADRS26147,6307279237,antoniodalton@example.com,True
ORG104,PRAC1148,Philip,Collins,1962-08-13,Male,ADRS27383,6949192899,renee85@example.com,False
ORG148,PRAC1601,Patrick,Aguilar,1970-11-01,Male,ADRS26264,6748646644,angelarocha@example.net,False
ORG145,PRAC1069,Sarah,White,1965-09-24,Male,ADRS26645,7868805999,sarahmendez@example.org,False
ORG183,PRAC1118,Donald,Mckinney,1982-10-11,Female,ADRS28414,7400915151,kaylahuynh@example.com,False
ORG150,PRAC1181,Sarah,Brewer,1950-07-04,Male,ADRS28914,7021213443,huntbryan@example.net,False
ORG191,PRAC1792,Madison,Smith,1973-10-23,Male,ADRS28307,7997826620,wellsveronica@example.com,True
ORG178,PRAC1097,Steven,Harrison,1974-07-27,Male,ADRS26328,6135119520,dana52@example.net,True
ORG100,PRAC1712,Jessica,Patrick,1972-10-26,Male,ADRS27373,7049171377,darrell07@example.org,False
ORG172,PRAC1724,Frank,Sparks,1943-04-28,Female,ADRS26338,9004562875,pclark@example.com,False
ORG103,PRAC1939,Justin,Baldwin,2002-03-14,Female,ADRS27966,7037542579,rachel72@example.com,True
ORG172,PRAC1782,Monique,Banks,2002-07-31,Female,ADRS26516,9493731875,lsmith@example.com,False
ORG186,PRAC1655,Stephanie,Clark,1949-12-15,Male,ADRS28426,6953204396,nrussell@example.com,True
ORG136,PRAC1255,Elaine,Turner,2002-09-09,Male,ADRS29366,9150149485,williamatkinson@example.net,False
ORG135,PRAC1145,Brandon,Nichols,1971-09-23,Female,ADRS27399,8113226309,donaldperez@example.org,True
ORG126,PRAC1599,Karl,Davis,1994-11-07,Female,ADRS29107,8380725514,rosskyle@example.net,False
ORG153,PRAC1008,Tracy,Jones,1953-01-11,Male,ADRS28865,8532900181,jonathanjohnson@example.net,True
ORG134,PRAC1098,Franklin,Duffy,1973-07-19,Female,ADRS26803,9021772621,allenanna@example.com,True
ORG160,PRAC1313,Lisa,Kemp,1976-06-26,Female,ADRS26614,7194850762,lori97@example.org,True
ORG125,PRAC1395,Steven,Stewart,1963-03-05,Female,ADRS26450,9428881861,summersalexis@example.com,True
ORG156,PRAC1290,John,Tran,1958-01-31,Female,ADRS29552,6758773013,obell@example.com,True
ORG153,PRAC1428,Ian,Taylor,1978-09-07,Male,ADRS26944,6412913428,tylersmith@example.org,False
ORG123,PRAC1933,Richard,Ray,1984-10-05,Male,ADRS29745,8094517067,emilyherrera@example.net,True
ORG114,PRAC1497,Jamie,Stanley,1980-03-23,Female,ADRS26200,7717043539,charles06@example.net,False
ORG159,PRAC1811,Michael,Potts,1998-05-28,Male,ADRS29990,9424801815,michael67@example.com,True
ORG103,PRAC1635,Dennis,Ballard,1999-11-09,Male,ADRS29665,8506558505,hallhector@example.org,False
ORG123,PRAC1784,Lindsey,Sutton,1988-08-08,Female,ADRS28239,9250612262,tammyadams@example.net,False
ORG119,PRAC1869,Kathryn,Mckee,1962-05-03,Female,ADRS29166,6906204435,wheelertammy@example.net,True
ORG188,PRAC1749,Whitney,Ward,1947-09-02,Male,ADRS27859,7914042777,jasonsoto@example.com,False
ORG149,PRAC1133,Scott,Johnson,1980-03-08,Female,ADRS28144,6911114096,paul65@example.net,False
ORG150,PRAC1702,Kelsey,Bailey,1951-11-30,Male,ADRS26719,8848579431,glenndavid@example.com,True
ORG163,PRAC1946,Mark,Rivera,1950-01-24,Male,ADRS28088,9679130739,elizabeth61@example.net,True
ORG174,PRAC1557,Mason,Young,1993-01-12,Female,ADRS26648,6680712133,robertrodriguez@example.org,True
ORG107,PRAC1040,Stephanie,Clark,1975-05-27,Male,ADRS27950,7176100138,richardpeters@example.net,False
ORG174,PRAC1842,Joann,Thompson,1985-01-16,Male,ADRS26024,8189681301,ncobb@example.com,False
ORG164,PRAC1172,Steven,White,1945-01-17,Female,ADRS27665,8700278101,tylershannon@example.net,True
ORG145,PRAC1124,Kevin,Thornton,1979-08-26,Male,ADRS26628,6901427537,austinkelly@example.com,True
ORG109,PRAC1676,Rodney,Dean,1980-09-13,Female,ADRS29284,9191347420,robinsonwilliam@example.com,True
ORG166,PRAC1830,Juan,Potter,1956-07-22,Male,ADRS26150,8492475254,breanna67@example.com,True
ORG129,PRAC1051,Shelia,Benjamin,1984-02-28,Female,ADRS29441,9633013668,glenbrown@example.net,False
ORG175,PRAC1573,Stephanie,Serrano,1976-01-29,Male,ADRS27723,9442114999,richard47@example.net,False
ORG155,PRAC1085,Kayla,Fry,1965-10-21,Male,ADRS28453,7603182557,justinburke@example.net,False
ORG151,PRAC1313,Rachel,Dunlap,1984-05-11,Female,ADRS26812,8561415859,jason10@example.net,True
ORG131,PRAC1010,Jennifer,Osborne,2002-01-10,Male,ADRS27168,7399811345,sharris@example.net,False
ORG193,PRAC1775,Janet,Lopez,1954-11-04,Male,ADRS28341,6789943525,waltersvanessa@example.net,False
ORG102,PRAC1982,Kyle,Williams,1951-08-17,Female,ADRS28592,9513889881,jessica19@example.com,False
ORG154,PRAC1608,Lori,Bailey,1944-06-24,Female,ADRS28975,9316353934,ptaylor@example.org,False
ORG108,PRAC1105,Tyler,Hayden,2000-08-31,Male,ADRS26859,8368114005,etrevino@example.com,True
ORG182,PRAC1383,Karen,Smith,1981-06-06,Female,ADRS26493,6856968733,iconley@example.org,False
ORG112,PRAC1668,Laura,Henderson,1964-05-02,Female,ADRS29166,8697875960,pamelawood@example.net,False
ORG149,PRAC1396,Tony,Boyd,1990-05-04,Female,ADRS29839,7636815102,wattsmark@example.com,False
ORG158,PRAC1304,Gail,Richard,2003-02-19,Male,ADRS28124,7404646474,vanceedwin@example.org,True
ORG146,PRAC1641,Mary,Clarke,1955-05-16,Male,ADRS26071,6106430306,phillip09@example.net,False
ORG103,PRAC1020,Jay,Hernandez,1989-08-13,Male,ADRS26514,8171539771,thomas39@example.com,True
ORG187,PRAC1094,Samuel,Wagner,2004-06-11,Female,ADRS28851,6350826108,shardin@example.net,True
ORG157,PRAC1298,Natalie,Day,1963-07-15,Female,ADRS29435,7137834416,milesamanda@example.com,False
ORG125,PRAC1578,Rickey,Raymond,1992-01-09,Male,ADRS29611,9572905924,carmenochoa@example.net,True
ORG108,PRAC1844,David,Phillips,1952-08-03,Male,ADRS27231,8124348062,andrewsmartha@example.com,False
ORG155,PRAC1044,Patrick,Hines,1945-11-11,Female,ADRS29914,8669849048,nrobinson@example.com,True
ORG146,PRAC1577,Christopher,Parks,1981-09-10,Female,ADRS29541,6223366981,mjones@example.com,True
ORG130,PRAC1330,Christopher,Lawrence,1958-11-08,Female,ADRS27162,6655540045,rhuff@example.net,True
ORG149,PRAC1423,Katherine,Hayden,1972-02-06,Male,ADRS27119,7780934418,margaret06@example.org,True
ORG160,PRAC1621,Jamie,Dennis,1994-08-21,Female,ADRS29499,6339731061,brittany75@example.org,True
ORG117,PRAC1170,Melissa,Hill,1989-02-15,Female,ADRS26851,8103926869,jamieclark@example.org,True
ORG149,PRAC1968,Nicole,Gonzalez,1971-07-16,Female,ADRS27958,9496587192,joneslinda@example.com,True
ORG195,PRAC1173,Jason,Jones,1951-03-14,Male,ADRS29056,6518122244,iryan@example.net,True
ORG193,PRAC1100,Harold,Barnes,1973-08-22,Female,ADRS27619,6600252882,tking@example.net,False
ORG104,PRAC1746,Sara,Rogers,1991-12-20,Male,ADRS26480,8674059437,robinsteele@example.org,True
ORG116,PRAC1823,Rachel,Cervantes,1999-05-14,Female,ADRS26234,9911757034,cunninghamcarolyn@example.net,False
ORG185,PRAC1126,Cheryl,Cochran,1978-05-12,Female,ADRS28771,6864369578,wbernard@example.net,False
ORG188,PRAC1177,Jessica,Willis,2004-08-03,Male,ADRS27101,8056516608,brittanylozano@example.org,False
ORG184,PRAC1204,Juan,Burnett,1966-05-22,Female,ADRS28194,8476027258,katherine85@example.com,True
ORG154,PRAC1491,Angela,Gill,1946-04-23,Female,ADRS29109,8028806239,dholmes@example.com,False
ORG127,PRAC1348,Ashley,Osborn,1977-01-31,Male,ADRS27671,6881921502,martinezjohnny@example.org,False
ORG158,PRAC1412,Joshua,Lindsey,1966-11-29,Female,ADRS26705,9745684324,christine11@example.org,True
ORG176,PRAC1301,Tara,Diaz,1982-07-31,Female,ADRS28007,7261202593,mclark@example.net,True
ORG101,PRAC1930,Carrie,Reed,1992-06-28,Male,ADRS27228,8263885850,colemanmichael@example.com,True
ORG145,PRAC1149,Joseph,Johnson,1952-01-24,Male,ADRS28955,6533207666,htran@example.org,True
ORG121,PRAC1377,Michelle,Vaughn,1989-07-08,Male,ADRS27686,8615981053,williamskaren@example.net,False
ORG158,PRAC1221,John,Meadows,1975-05-05,Male,ADRS28561,6924938790,johnny58@example.net,True
ORG146,PRAC1433,Marc,Horton,1986-04-22,Female,ADRS27210,8739594746,whitedavid@example.org,True
ORG101,PRAC1237,Jeremy,Wolfe,1952-11-19,Female,ADRS29333,9468933281,jill39@example.com,True
ORG150,PRAC1695,Daniel,Ramos,1998-01-13,Male,ADRS28988,7508003310,myersadam@example.com,False
ORG163,PRAC1944,William,Klein,1968-09-21,Female,ADRS29362,6890858909,lglass@example.net,False
ORG101,PRAC1703,Virginia,Jones,2003-06-08,Female,ADRS29085,9589831755,charles91@example.net,True
ORG145,PRAC1131,Amy,Neal,1995-11-04,Male,ADRS28491,9117105633,olsonjames@example.net,False
ORG102,PRAC1530,Alejandro,Robinson,1988-03-21,Male,ADRS29948,8656574957,emma94@example.net,True
ORG185,PRAC1629,Christopher,Miller,1980-06-14,Female,ADRS27405,8143377527,christinehunter@example.net,False
ORG188,PRAC1679,Anthony,Miller,1979-05-17,Male,ADRS26747,9946939542,hooverlucas@example.org,True
ORG110,PRAC1107,Daniel,Wells,1958-01-26,Male,ADRS29971,7257727278,kristen48@example.com,False
ORG199,PRAC1405,Sarah,Rodriguez,1958-08-24,Male,ADRS29846,8734512427,staylor@example.org,False
ORG195,PRAC1180,Jeremy,Guzman,2002-10-14,Male,ADRS27733,6165348752,lvincent@example.com,True
ORG167,PRAC1210,Christopher,Gray,1967-06-05,Female,ADRS28096,8911538263,tproctor@example.org,True
ORG102,PRAC1637,Alexa,Johnson,1945-08-26,Female,ADRS29761,6151391156,russellsheila@example.net,False
ORG149,PRAC1312,Robert,Palmer,1968-07-30,Female,ADRS28709,6284633952,josephbryant@example.org,False
ORG150,PRAC1501,Cory,Robinson,1981-08-30,Male,ADRS26949,8128926714,kimsean@example.com,False
ORG171,PRAC1866,Peter,Gallagher,1971-01-05,Female,ADRS26578,9322305662,raguirre@example.com,True
ORG144,PRAC1755,David,Robinson,1954-02-19,Male,ADRS26653,6992099224,curtishebert@example.com,False
ORG105,PRAC1167,Charles,Reilly,1959-11-14,Male,ADRS29831,6386901759,matthewoliver@example.org,False
ORG170,PRAC1748,Amanda,Smith,1967-03-31,Female,ADRS28177,8283870107,upowers@example.org,False
ORG187,PRAC1660,Marcus,Walker,1945-12-17,Male,ADRS27751,9263929050,tanyacarlson@example.org,False
ORG169,PRAC1788,Brandon,Thomas,1980-12-02,Female,ADRS27386,6264215907,brianna86@example.org,True
ORG196,PRAC1620,Charles,Harris,2005-03-03,Female,ADRS29148,6274535657,johnsonclinton@example.org,True
ORG115,PRAC1346,Travis,Horne,1957-06-22,Female,ADRS27859,8487732887,jennifer88@example.org,False
ORG130,PRAC1172,Amy,Smith,1996-04-25,Female,ADRS29685,9607573305,angeladams@example.org,False
ORG140,PRAC1308,Joshua,Myers,1964-01-14,Male,ADRS26691,8193200640,jespinoza@example.net,False
ORG154,PRAC1853,Molly,Higgins,1945-11-06,Female,ADRS27518,8947348552,kyle22@example.com,False
ORG174,PRAC1322,Jeremy,Strickland,1957-12-09,Female,ADRS29156,9681252060,sandra84@example.net,True
ORG147,PRAC1476,Nicole,Brown,1973-02-23,Male,ADRS28587,9785769667,terrencesilva@example.com,False
ORG106,PRAC1504,Dawn,Shelton,1982-04-15,Female,ADRS28300,6312284592,ecarpenter@example.com,False
ORG182,PRAC1177,Bonnie,Elliott,2003-01-30,Female,ADRS27652,7876076744,bryantalexander@example.net,True
ORG112,PRAC1392,Natalie,Morton,1996-05-02,Female,ADRS29360,7723294076,lindseypowell@example.org,True
ORG138,PRAC1583,Jeremy,Anderson,1983-10-06,Male,ADRS29374,8275511017,brownshawn@example.net,False
ORG110,PRAC1955,Brenda,Whitehead,1957-10-29,Female,ADRS26911,6882187320,dylanlopez@example.net,False
ORG197,PRAC1790,Rachel,Smith,1997-03-07,Female,ADRS29456,7703758162,warejames@example.org,True
ORG149,PRAC1917,Brandon,Smith,1962-07-19,Female,ADRS26764,8224366526,melissa38@example.net,False
ORG185,PRAC1713,Michelle,Vaughn,1982-11-29,Male,ADRS27389,7593137142,erika96@example.net,False
ORG153,PRAC1423,Tim,Peterson,1951-12-30,Male,ADRS29165,8559213458,haley46@example.com,True
ORG103,PRAC1165,Lisa,Parker,1971-10-13,Male,ADRS27532,9757274637,rossmatthew@example.com,True
ORG181,PRAC1374,Kristine,Lamb,1969-12-13,Female,ADRS29567,9982049243,jenkinsjulia@example.net,False
ORG169,PRAC1104,Amber,Valencia,1984-06-17,Female,ADRS28469,7440354148,rodriguezyolanda@example.com,False
ORG164,PRAC1922,Vincent,Pearson,1948-09-20,Male,ADRS29451,6877637064,christopher41@example.org,True
ORG195,PRAC1925,Trevor,Gardner,1997-06-10,Female,ADRS26852,9604619646,rdennis@example.org,True
ORG156,PRAC1397,George,Soto,1948-05-15,Female,ADRS28444,8843052922,marilynmelton@example.org,False
ORG176,PRAC1829,Sheila,Rivera,1988-10-01,Male,ADRS28509,6578394063,johnsonyvonne@example.com,False
ORG128,PRAC1046,Laurie,Chandler,1993-07-12,Male,ADRS26995,6117257431,jennifer10@example.net,True
ORG169,PRAC1676,Alexis,Henderson,1948-08-21,Male,ADRS29652,6931561098,heatherbrown@example.org,False
ORG193,PRAC1163,John,Contreras,2000-03-13,Female,ADRS28518,9737743020,nbates@example.com,False
ORG142,PRAC1889,Jose,Lambert,1991-02-24,Female,ADRS27254,7357215962,vestes@example.net,True
ORG147,PRAC1287,Hector,Obrien,2002-04-12,Female,ADRS26980,8617856013,cgarcia@example.org,False
ORG122,PRAC1179,Steven,Garcia,1965-06-17,Male,ADRS28804,8718867060,jeffreytrujillo@example.com,True
ORG192,PRAC1042,Michele,Williams,1971-06-14,Female,ADRS28501,8762081509,sullivankenneth@example.net,True
ORG137,PRAC1687,Brittany,Smith,1964-03-30,Male,ADRS29682,9295649805,david72@example.net,False
ORG197,PRAC1571,James,Nguyen,2004-10-13,Male,ADRS26830,9508036153,erinsmith@example.com,False
ORG139,PRAC1619,Elizabeth,Francis,1958-06-05,Male,ADRS29089,7259858005,amyhouston@example.com,True
ORG139,PRAC1244,Matthew,Gonzalez,1983-11-27,Female,ADRS27454,7305383506,tuckermelissa@example.net,False
ORG106,PRAC1326,Benjamin,Campbell,1947-11-12,Male,ADRS26751,8167980904,sarah31@example.com,False
ORG115,PRAC1965,Melissa,Morales,2004-04-28,Male,ADRS28365,9763387645,newtonandrew@example.net,False
ORG143,PRAC1463,Emma,Griffith,1999-02-13,Female,ADRS27625,9006398777,jennifer65@example.org,True
ORG164,PRAC1969,Steven,Maxwell,1968-10-18,Female,ADRS26136,7869552562,robertlewis@example.org,True
ORG137,PRAC1113,Gregory,Ingram,2003-04-03,Female,ADRS26319,9558816709,qrogers@example.org,True
ORG164,PRAC1740,Pamela,Blackwell,1954-10-18,Female,ADRS29358,7662183191,vdelacruz@example.org,False
ORG170,PRAC1878,Heidi,Walker,1979-09-13,Male,ADRS29699,6404854053,fulleramy@example.net,False
ORG102,PRAC1862,Kenneth,Nelson,1964-03-25,Female,ADRS28107,8722308019,coopersamantha@example.net,True
ORG150,PRAC1504,Steven,Summers,1989-01-07,Male,ADRS26595,8650182551,hhernandez@example.org,False
ORG144,PRAC1019,Jade,Russo,2005-09-19,Male,ADRS29163,9701961209,eugenecollins@example.com,True
ORG177,PRAC1204,Nicholas,Hamilton,1953-12-15,Male,ADRS28397,9762786400,johnsonjamie@example.org,True
ORG145,PRAC1344,Nicole,Simpson,1967-02-12,Male,ADRS26650,8673604435,smccall@example.org,False
ORG130,PRAC1924,Jose,Stewart,1947-02-13,Female,ADRS29978,6067460228,abowen@example.com,True
ORG186,PRAC1763,Richard,Kemp,1998-11-12,Male,ADRS27355,6442018924,danielmiller@example.net,True
ORG122,PRAC1307,Alec,Martinez,2002-07-26,Male,ADRS29031,7048188490,lpalmer@example.org,True
ORG144,PRAC1018,Kayla,Bailey,1976-08-27,Female,ADRS27332,8101801316,nicolebell@example.net,True
ORG106,PRAC1907,Melissa,Nelson,1961-03-15,Female,ADRS26038,8083355411,cmartinez@example.org,False
ORG190,PRAC1067,Sarah,Campbell,1962-11-02,Female,ADRS26667,7662376092,perezmaria@example.net,False
ORG133,PRAC1184,Dustin,Jimenez,1956-09-07,Male,ADRS28814,7362635106,josephtorres@example.org,True
ORG173,PRAC1880,Sandra,Hayes,1955-02-09,Male,ADRS28854,6221610008,patricia03@example.net,False
ORG131,PRAC1110,David,Bennett,1959-10-16,Male,ADRS27379,6794618300,ovaldez@example.net,False
ORG131,PRAC1176,Justin,Green,1965-02-20,Female,ADRS26076,9431190814,juan54@example.com,False
ORG166,PRAC1065,Christina,Jensen,1972-05-29,Male,ADRS26687,8346364219,aprilharding@example.org,False
ORG157,PRAC1813,Christina,Robinson,1982-07-10,Male,ADRS29980,8860478537,howardmark@example.net,False
ORG170,PRAC1390,Antonio,Maldonado,1984-01-08,Female,ADRS28860,6859440807,katherine98@example.com,False
ORG104,PRAC1911,James,Morris,2001-10-27,Male,ADRS28461,9798893781,turnerdiana@example.com,False
ORG113,PRAC1985,Gabrielle,Rice,1987-07-10,Female,ADRS28795,9997261840,heidi25@example.org,False
ORG160,PRAC1684,Susan,Shields,1952-12-14,Male,ADRS26939,6596588831,copelandjames@example.com,False
ORG129,PRAC1376,Pamela,Ballard,2005-05-28,Male,ADRS26497,9329901836,gwheeler@example.org,False
ORG192,PRAC1763,Brandon,Bryant,2003-12-22,Female,ADRS26263,8592085685,denniswilliams@example.org,True
ORG150,PRAC1236,Jonathan,Sanchez,1984-05-31,Female,ADRS26816,6869889821,mark61@example.net,False
ORG108,PRAC1729,Chelsea,Snyder,1965-06-08,Female,ADRS28265,9032194366,david89@example.net,False
ORG170,PRAC1064,Raymond,Johnson,1963-04-24,Male,ADRS26414,6792694889,chad36@example.org,True
ORG112,PRAC1491,Helen,Bass,1957-09-13,Male,ADRS26225,8857899116,hayesdavid@example.org,True
ORG155,PRAC1868,Joshua,Russell,1966-09-12,Female,ADRS26488,9787329988,nathan99@example.net,True
ORG191,PRAC1699,Denise,Smith,1991-10-01,Male,ADRS29098,8112196005,crystalrivera@example.org,False
ORG135,PRAC1877,Matthew,Leonard,1951-04-21,Female,ADRS29261,8348218176,fsmith@example.net,False
ORG100,PRAC1380,James,Reed,1977-11-04,Male,ADRS29581,8856975288,christy91@example.com,False
ORG191,PRAC1308,Susan,Giles,1973-06-27,Female,ADRS28116,9572857397,lynnhanna@example.com,False
ORG161,PRAC1236,Alicia,Olson,1986-06-11,Male,ADRS28781,8871336730,nancy45@example.org,False
ORG107,PRAC1344,Christina,Miller,1949-07-25,Female,ADRS28619,6813661388,ihaynes@example.net,True
ORG143,PRAC1111,Jason,Gomez,1984-11-07,Female,ADRS29544,6205031196,randall59@example.org,False
ORG164,PRAC1341,Amy,Bird,1991-12-22,Female,ADRS27561,8963349488,doughertypaul@example.org,False
ORG164,PRAC1742,Austin,Hernandez,1949-08-22,Female,ADRS28977,7297260851,rsanchez@example.org,True
ORG106,PRAC1523,Sylvia,Patrick,1975-06-28,Male,ADRS28235,9398436245,vharris@example.org,False
ORG195,PRAC1997,Luke,Bright,1950-09-09,Female,ADRS27568,9283782889,ronald96@example.com,False
ORG144,PRAC1955,Robert,Escobar,1958-11-21,Female,ADRS29132,6624338786,brandonaguirre@example.org,True
ORG139,PRAC1303,Sara,Rodriguez,1988-07-11,Female,ADRS27165,6017945272,jessicamendez@example.net,False
ORG145,PRAC1695,Angel,Brown,1989-10-25,Female,ADRS28976,9506338321,ggreen@example.net,True
ORG105,PRAC1135,Tiffany,Gutierrez,1944-04-11,Male,ADRS29279,6739301139,tarnold@example.org,True
ORG189,PRAC1676,Johnny,Avila,1965-12-27,Male,ADRS27815,9405525245,mvillarreal@example.com,False
ORG177,PRAC1192,Matthew,Thompson,1992-02-28,Female,ADRS29071,6667697237,rodriguezrandy@example.org,False
ORG197,PRAC1083,Allen,Lindsey,1963-02-22,Male,ADRS28207,8676015217,gordonjason@example.org,True
ORG118,PRAC1647,Paula,Rosales,1992-07-13,Male,ADRS26543,6626183962,xdavis@example.org,True
ORG104,PRAC1787,Roberto,Hunter,1970-10-26,Female,ADRS28805,7069649475,qwilliams@example.net,False
ORG174,PRAC1446,Katie,Wood,1981-07-03,Female,ADRS26046,7816799687,gcunningham@example.net,True
ORG170,PRAC1845,Ricardo,Becker,1972-02-01,Female,ADRS27899,6441258569,haaspaul@example.org,True
ORG172,PRAC1677,Brian,Rodriguez,1967-03-17,Male,ADRS27142,6438651579,martinezstephanie@example.org,True
ORG118,PRAC1661,Brittney,Alvarez,1944-08-24,Male,ADRS28901,8006251751,mpreston@example.net,True
